ISO-10303-21;
HEADER;
FILE_DESCRIPTION((''),'2;1');
FILE_NAME('PART_TRAY','2025-11-07T20:20:07',('AN515'),(''),
'CREO PARAMETRIC BY PTC INC, 2022073','CREO PARAMETRIC BY PTC INC, 2022073','');
FILE_SCHEMA(('CONFIG_CONTROL_DESIGN'));
ENDSEC;
DATA;
#2=DIRECTION('',(0.E0,1.E0,0.E0));
#3=VECTOR('',#2,6.E1);
#4=CARTESIAN_POINT('',(1.1E2,0.E0,0.E0));
#5=LINE('',#4,#3);
#6=DIRECTION('',(0.E0,0.E0,-1.E0));
#7=VECTOR('',#6,1.E1);
#8=CARTESIAN_POINT('',(1.1E2,6.E1,0.E0));
#9=LINE('',#8,#7);
#10=CARTESIAN_POINT('',(5.E0,3.E1,0.E0));
#11=DIRECTION('',(0.E0,0.E0,-1.E0));
#12=DIRECTION('',(1.E0,0.E0,0.E0));
#13=AXIS2_PLACEMENT_3D('',#10,#11,#12);
#15=CARTESIAN_POINT('',(5.E0,3.E1,0.E0));
#16=DIRECTION('',(0.E0,0.E0,-1.E0));
#17=DIRECTION('',(-1.E0,0.E0,0.E0));
#18=AXIS2_PLACEMENT_3D('',#15,#16,#17);
#20=DIRECTION('',(1.E0,0.E0,0.E0));
#21=VECTOR('',#20,1.6E1);
#22=CARTESIAN_POINT('',(4.7E1,2.55E1,0.E0));
#23=LINE('',#22,#21);
#24=CARTESIAN_POINT('',(4.7E1,2.1E1,0.E0));
#25=DIRECTION('',(0.E0,0.E0,-1.E0));
#26=DIRECTION('',(-1.E0,0.E0,0.E0));
#27=AXIS2_PLACEMENT_3D('',#24,#25,#26);
#29=DIRECTION('',(0.E0,1.E0,0.E0));
#30=VECTOR('',#29,1.2E1);
#31=CARTESIAN_POINT('',(4.25E1,9.E0,0.E0));
#32=LINE('',#31,#30);
#33=CARTESIAN_POINT('',(4.7E1,9.E0,0.E0));
#34=DIRECTION('',(0.E0,0.E0,-1.E0));
#35=DIRECTION('',(0.E0,-1.E0,0.E0));
#36=AXIS2_PLACEMENT_3D('',#33,#34,#35);
#38=DIRECTION('',(-1.E0,0.E0,0.E0));
#39=VECTOR('',#38,1.6E1);
#40=CARTESIAN_POINT('',(6.3E1,4.5E0,0.E0));
#41=LINE('',#40,#39);
#42=CARTESIAN_POINT('',(6.3E1,9.E0,0.E0));
#43=DIRECTION('',(0.E0,0.E0,-1.E0));
#44=DIRECTION('',(1.E0,8.052817671948E-14,0.E0));
#45=AXIS2_PLACEMENT_3D('',#42,#43,#44);
#47=DIRECTION('',(0.E0,-1.E0,0.E0));
#48=VECTOR('',#47,1.2E1);
#49=CARTESIAN_POINT('',(6.75E1,2.1E1,0.E0));
#50=LINE('',#49,#48);
#51=CARTESIAN_POINT('',(6.3E1,2.1E1,0.E0));
#52=DIRECTION('',(0.E0,0.E0,-1.E0));
#53=DIRECTION('',(2.052679014418E-14,1.E0,0.E0));
#54=AXIS2_PLACEMENT_3D('',#51,#52,#53);
#56=CARTESIAN_POINT('',(5.5E1,4.5E1,0.E0));
#57=DIRECTION('',(0.E0,0.E0,-1.E0));
#58=DIRECTION('',(1.E0,0.E0,0.E0));
#59=AXIS2_PLACEMENT_3D('',#56,#57,#58);
#61=CARTESIAN_POINT('',(5.5E1,4.5E1,0.E0));
#62=DIRECTION('',(0.E0,0.E0,-1.E0));
#63=DIRECTION('',(-1.E0,0.E0,0.E0));
#64=AXIS2_PLACEMENT_3D('',#61,#62,#63);
#66=CARTESIAN_POINT('',(2.5E1,4.5E1,0.E0));
#67=DIRECTION('',(0.E0,0.E0,-1.E0));
#68=DIRECTION('',(1.E0,0.E0,0.E0));
#69=AXIS2_PLACEMENT_3D('',#66,#67,#68);
#71=CARTESIAN_POINT('',(2.5E1,4.5E1,0.E0));
#72=DIRECTION('',(0.E0,0.E0,-1.E0));
#73=DIRECTION('',(-1.E0,0.E0,0.E0));
#74=AXIS2_PLACEMENT_3D('',#71,#72,#73);
#76=DIRECTION('',(1.E0,0.E0,0.E0));
#77=VECTOR('',#76,1.6E1);
#78=CARTESIAN_POINT('',(7.7E1,2.55E1,0.E0));
#79=LINE('',#78,#77);
#80=CARTESIAN_POINT('',(7.7E1,2.1E1,0.E0));
#81=DIRECTION('',(0.E0,0.E0,-1.E0));
#82=DIRECTION('',(-1.E0,0.E0,0.E0));
#83=AXIS2_PLACEMENT_3D('',#80,#81,#82);
#85=DIRECTION('',(0.E0,1.E0,0.E0));
#86=VECTOR('',#85,1.2E1);
#87=CARTESIAN_POINT('',(7.25E1,9.E0,0.E0));
#88=LINE('',#87,#86);
#89=CARTESIAN_POINT('',(7.7E1,9.E0,0.E0));
#90=DIRECTION('',(0.E0,0.E0,-1.E0));
#91=DIRECTION('',(1.894780628694E-14,-1.E0,0.E0));
#92=AXIS2_PLACEMENT_3D('',#89,#90,#91);
#94=DIRECTION('',(-1.E0,0.E0,0.E0));
#95=VECTOR('',#94,1.6E1);
#96=CARTESIAN_POINT('',(9.3E1,4.5E0,0.E0));
#97=LINE('',#96,#95);
#98=CARTESIAN_POINT('',(9.3E1,9.E0,0.E0));
#99=DIRECTION('',(0.E0,0.E0,-1.E0));
#100=DIRECTION('',(1.E0,-6.039613253961E-14,0.E0));
#101=AXIS2_PLACEMENT_3D('',#98,#99,#100);
#103=DIRECTION('',(0.E0,-1.E0,0.E0));
#104=VECTOR('',#103,1.2E1);
#105=CARTESIAN_POINT('',(9.75E1,2.1E1,0.E0));
#106=LINE('',#105,#104);
#107=CARTESIAN_POINT('',(9.3E1,2.1E1,1.509903313490E-14));
#108=DIRECTION('',(0.E0,0.E0,-1.E0));
#109=DIRECTION('',(0.E0,1.E0,0.E0));
#110=AXIS2_PLACEMENT_3D('',#107,#108,#109);
#112=DIRECTION('',(1.E0,0.E0,0.E0));
#113=VECTOR('',#112,1.6E1);
#114=CARTESIAN_POINT('',(1.7E1,2.55E1,0.E0));
#115=LINE('',#114,#113);
#116=CARTESIAN_POINT('',(1.7E1,2.1E1,0.E0));
#117=DIRECTION('',(0.E0,0.E0,-1.E0));
#118=DIRECTION('',(-1.E0,1.421085471520E-14,0.E0));
#119=AXIS2_PLACEMENT_3D('',#116,#117,#118);
#121=DIRECTION('',(0.E0,1.E0,0.E0));
#122=VECTOR('',#121,1.2E1);
#123=CARTESIAN_POINT('',(1.25E1,9.E0,0.E0));
#124=LINE('',#123,#122);
#125=CARTESIAN_POINT('',(1.7E1,9.E0,0.E0));
#126=DIRECTION('',(0.E0,0.E0,-1.E0));
#127=DIRECTION('',(0.E0,-1.E0,0.E0));
#128=AXIS2_PLACEMENT_3D('',#125,#126,#127);
#130=DIRECTION('',(-1.E0,0.E0,0.E0));
#131=VECTOR('',#130,1.6E1);
#132=CARTESIAN_POINT('',(3.3E1,4.5E0,0.E0));
#133=LINE('',#132,#131);
#134=CARTESIAN_POINT('',(3.3E1,9.E0,0.E0));
#135=DIRECTION('',(0.E0,0.E0,-1.E0));
#136=DIRECTION('',(1.E0,0.E0,0.E0));
#137=AXIS2_PLACEMENT_3D('',#134,#135,#136);
#139=DIRECTION('',(0.E0,-1.E0,0.E0));
#140=VECTOR('',#139,1.2E1);
#141=CARTESIAN_POINT('',(3.75E1,2.1E1,0.E0));
#142=LINE('',#141,#140);
#143=CARTESIAN_POINT('',(3.3E1,2.1E1,0.E0));
#144=DIRECTION('',(0.E0,0.E0,-1.E0));
#145=DIRECTION('',(0.E0,1.E0,0.E0));
#146=AXIS2_PLACEMENT_3D('',#143,#144,#145);
#148=CARTESIAN_POINT('',(8.5E1,4.5E1,0.E0));
#149=DIRECTION('',(0.E0,0.E0,-1.E0));
#150=DIRECTION('',(1.E0,0.E0,0.E0));
#151=AXIS2_PLACEMENT_3D('',#148,#149,#150);
#153=CARTESIAN_POINT('',(8.5E1,4.5E1,0.E0));
#154=DIRECTION('',(0.E0,0.E0,-1.E0));
#155=DIRECTION('',(-1.E0,0.E0,0.E0));
#156=AXIS2_PLACEMENT_3D('',#153,#154,#155);
#158=CARTESIAN_POINT('',(1.05E2,3.E1,0.E0));
#159=DIRECTION('',(0.E0,0.E0,-1.E0));
#160=DIRECTION('',(1.E0,0.E0,0.E0));
#161=AXIS2_PLACEMENT_3D('',#158,#159,#160);
#163=CARTESIAN_POINT('',(1.05E2,3.E1,0.E0));
#164=DIRECTION('',(0.E0,0.E0,-1.E0));
#165=DIRECTION('',(-1.E0,0.E0,0.E0));
#166=AXIS2_PLACEMENT_3D('',#163,#164,#165);
#168=DIRECTION('',(0.E0,-1.E0,0.E0));
#169=VECTOR('',#168,6.E1);
#170=CARTESIAN_POINT('',(-1.510397718948E-14,6.E1,0.E0));
#171=LINE('',#170,#169);
#172=DIRECTION('',(0.E0,0.E0,-1.E0));
#173=VECTOR('',#172,1.E1);
#174=CARTESIAN_POINT('',(0.E0,0.E0,0.E0));
#175=LINE('',#174,#173);
#176=DIRECTION('',(1.E0,0.E0,0.E0));
#177=VECTOR('',#176,1.1E2);
#178=CARTESIAN_POINT('',(0.E0,0.E0,0.E0));
#179=LINE('',#178,#177);
#180=DIRECTION('',(0.E0,0.E0,-1.E0));
#181=VECTOR('',#180,1.E1);
#182=CARTESIAN_POINT('',(1.1E2,0.E0,0.E0));
#183=LINE('',#182,#181);
#184=DIRECTION('',(0.E0,-1.E0,0.E0));
#185=VECTOR('',#184,6.E1);
#186=CARTESIAN_POINT('',(-1.510397718948E-14,6.E1,-1.E1));
#187=LINE('',#186,#185);
#188=DIRECTION('',(1.E0,0.E0,0.E0));
#189=VECTOR('',#188,1.1E2);
#190=CARTESIAN_POINT('',(0.E0,0.E0,-1.E1));
#191=LINE('',#190,#189);
#192=DIRECTION('',(0.E0,1.E0,0.E0));
#193=VECTOR('',#192,6.E1);
#194=CARTESIAN_POINT('',(1.1E2,0.E0,-1.E1));
#195=LINE('',#194,#193);
#196=CARTESIAN_POINT('',(5.5E1,1.5E1,-1.E1));
#197=DIRECTION('',(0.E0,0.E0,1.E0));
#198=DIRECTION('',(1.E0,0.E0,0.E0));
#199=AXIS2_PLACEMENT_3D('',#196,#197,#198);
#201=CARTESIAN_POINT('',(5.5E1,1.5E1,-1.E1));
#202=DIRECTION('',(0.E0,0.E0,1.E0));
#203=DIRECTION('',(-1.E0,0.E0,0.E0));
#204=AXIS2_PLACEMENT_3D('',#201,#202,#203);
#206=CARTESIAN_POINT('',(2.5E1,1.5E1,-1.E1));
#207=DIRECTION('',(0.E0,0.E0,1.E0));
#208=DIRECTION('',(1.E0,0.E0,0.E0));
#209=AXIS2_PLACEMENT_3D('',#206,#207,#208);
#211=CARTESIAN_POINT('',(2.5E1,1.5E1,-1.E1));
#212=DIRECTION('',(0.E0,0.E0,1.E0));
#213=DIRECTION('',(-1.E0,0.E0,0.E0));
#214=AXIS2_PLACEMENT_3D('',#211,#212,#213);
#216=CARTESIAN_POINT('',(5.E0,3.E1,-1.E1));
#217=DIRECTION('',(0.E0,0.E0,1.E0));
#218=DIRECTION('',(1.E0,0.E0,0.E0));
#219=AXIS2_PLACEMENT_3D('',#216,#217,#218);
#221=CARTESIAN_POINT('',(5.E0,3.E1,-1.E1));
#222=DIRECTION('',(0.E0,0.E0,1.E0));
#223=DIRECTION('',(-1.E0,0.E0,0.E0));
#224=AXIS2_PLACEMENT_3D('',#221,#222,#223);
#226=CARTESIAN_POINT('',(8.5E1,4.5E1,-1.E1));
#227=DIRECTION('',(0.E0,0.E0,1.E0));
#228=DIRECTION('',(1.E0,0.E0,0.E0));
#229=AXIS2_PLACEMENT_3D('',#226,#227,#228);
#231=CARTESIAN_POINT('',(8.5E1,4.5E1,-1.E1));
#232=DIRECTION('',(0.E0,0.E0,1.E0));
#233=DIRECTION('',(-1.E0,0.E0,0.E0));
#234=AXIS2_PLACEMENT_3D('',#231,#232,#233);
#236=CARTESIAN_POINT('',(2.5E1,4.5E1,-1.E1));
#237=DIRECTION('',(0.E0,0.E0,1.E0));
#238=DIRECTION('',(1.E0,0.E0,0.E0));
#239=AXIS2_PLACEMENT_3D('',#236,#237,#238);
#241=CARTESIAN_POINT('',(2.5E1,4.5E1,-1.E1));
#242=DIRECTION('',(0.E0,0.E0,1.E0));
#243=DIRECTION('',(-1.E0,0.E0,0.E0));
#244=AXIS2_PLACEMENT_3D('',#241,#242,#243);
#246=CARTESIAN_POINT('',(5.5E1,4.5E1,-1.E1));
#247=DIRECTION('',(0.E0,0.E0,1.E0));
#248=DIRECTION('',(1.E0,0.E0,0.E0));
#249=AXIS2_PLACEMENT_3D('',#246,#247,#248);
#251=CARTESIAN_POINT('',(5.5E1,4.5E1,-1.E1));
#252=DIRECTION('',(0.E0,0.E0,1.E0));
#253=DIRECTION('',(-1.E0,0.E0,0.E0));
#254=AXIS2_PLACEMENT_3D('',#251,#252,#253);
#256=CARTESIAN_POINT('',(1.05E2,3.E1,-1.E1));
#257=DIRECTION('',(0.E0,0.E0,1.E0));
#258=DIRECTION('',(1.E0,0.E0,0.E0));
#259=AXIS2_PLACEMENT_3D('',#256,#257,#258);
#261=CARTESIAN_POINT('',(1.05E2,3.E1,-1.E1));
#262=DIRECTION('',(0.E0,0.E0,1.E0));
#263=DIRECTION('',(-1.E0,0.E0,0.E0));
#264=AXIS2_PLACEMENT_3D('',#261,#262,#263);
#266=CARTESIAN_POINT('',(8.5E1,1.5E1,-1.E1));
#267=DIRECTION('',(0.E0,0.E0,1.E0));
#268=DIRECTION('',(1.E0,0.E0,0.E0));
#269=AXIS2_PLACEMENT_3D('',#266,#267,#268);
#271=CARTESIAN_POINT('',(8.5E1,1.5E1,-1.E1));
#272=DIRECTION('',(0.E0,0.E0,1.E0));
#273=DIRECTION('',(-1.E0,0.E0,0.E0));
#274=AXIS2_PLACEMENT_3D('',#271,#272,#273);
#276=DIRECTION('',(-1.E0,0.E0,0.E0));
#277=VECTOR('',#276,1.1E2);
#278=CARTESIAN_POINT('',(1.1E2,6.E1,0.E0));
#279=LINE('',#278,#277);
#280=DIRECTION('',(0.E0,0.E0,-1.E0));
#281=VECTOR('',#280,1.E1);
#282=CARTESIAN_POINT('',(-1.510397718948E-14,6.E1,0.E0));
#283=LINE('',#282,#281);
#284=DIRECTION('',(1.E0,0.E0,0.E0));
#285=VECTOR('',#284,1.1E2);
#286=CARTESIAN_POINT('',(-1.510397718948E-14,6.E1,-1.E1));
#287=LINE('',#286,#285);
#288=CARTESIAN_POINT('',(5.5E1,1.5E1,-9.5E0));
#289=DIRECTION('',(0.E0,0.E0,-1.E0));
#290=DIRECTION('',(-1.E0,0.E0,0.E0));
#291=AXIS2_PLACEMENT_3D('',#288,#289,#290);
#293=DIRECTION('',(7.071067811865E-1,0.E0,7.071067811866E-1));
#294=VECTOR('',#293,7.071067811866E-1);
#295=CARTESIAN_POINT('',(5.9E1,1.5E1,-6.5E0));
#296=LINE('',#295,#294);
#297=CARTESIAN_POINT('',(5.5E1,1.5E1,-6.5E0));
#298=DIRECTION('',(0.E0,0.E0,1.E0));
#299=DIRECTION('',(1.E0,0.E0,0.E0));
#300=AXIS2_PLACEMENT_3D('',#297,#298,#299);
#302=DIRECTION('',(7.071067811865E-1,0.E0,-7.071067811866E-1));
#303=VECTOR('',#302,7.071067811866E-1);
#304=CARTESIAN_POINT('',(5.05E1,1.5E1,-6.E0));
#305=LINE('',#304,#303);
#306=CARTESIAN_POINT('',(5.5E1,1.5E1,-6.5E0));
#307=DIRECTION('',(0.E0,0.E0,1.E0));
#308=DIRECTION('',(-1.E0,0.E0,0.E0));
#309=AXIS2_PLACEMENT_3D('',#306,#307,#308);
#311=CARTESIAN_POINT('',(4.7E1,9.E0,-6.E0));
#312=DIRECTION('',(0.E0,0.E0,1.E0));
#313=DIRECTION('',(-1.E0,3.552713678801E-14,0.E0));
#314=AXIS2_PLACEMENT_3D('',#311,#312,#313);
#316=DIRECTION('',(0.E0,-1.E0,0.E0));
#317=VECTOR('',#316,1.2E1);
#318=CARTESIAN_POINT('',(4.3E1,2.1E1,-6.E0));
#319=LINE('',#318,#317);
#320=CARTESIAN_POINT('',(4.7E1,2.1E1,-6.E0));
#321=DIRECTION('',(0.E0,0.E0,1.E0));
#322=DIRECTION('',(3.019806626980E-14,1.E0,0.E0));
#323=AXIS2_PLACEMENT_3D('',#320,#321,#322);
#325=DIRECTION('',(-1.E0,0.E0,0.E0));
#326=VECTOR('',#325,1.6E1);
#327=CARTESIAN_POINT('',(6.3E1,2.5E1,-6.E0));
#328=LINE('',#327,#326);
#329=CARTESIAN_POINT('',(6.3E1,2.1E1,-6.E0));
#330=DIRECTION('',(0.E0,0.E0,1.E0));
#331=DIRECTION('',(1.E0,-9.414691248821E-14,0.E0));
#332=AXIS2_PLACEMENT_3D('',#329,#330,#331);
#334=DIRECTION('',(0.E0,1.E0,0.E0));
#335=VECTOR('',#334,1.2E1);
#336=CARTESIAN_POINT('',(6.7E1,9.E0,-6.E0));
#337=LINE('',#336,#335);
#338=CARTESIAN_POINT('',(6.3E1,9.E0,-6.E0));
#339=DIRECTION('',(0.E0,0.E0,1.E0));
#340=DIRECTION('',(0.E0,-1.E0,0.E0));
#341=AXIS2_PLACEMENT_3D('',#338,#339,#340);
#343=DIRECTION('',(1.E0,0.E0,0.E0));
#344=VECTOR('',#343,1.6E1);
#345=CARTESIAN_POINT('',(4.7E1,5.E0,-6.E0));
#346=LINE('',#345,#344);
#347=CARTESIAN_POINT('',(5.5E1,1.5E1,-6.E0));
#348=DIRECTION('',(0.E0,0.E0,-1.E0));
#349=DIRECTION('',(1.E0,0.E0,0.E0));
#350=AXIS2_PLACEMENT_3D('',#347,#348,#349);
#352=CARTESIAN_POINT('',(5.5E1,1.5E1,-6.E0));
#353=DIRECTION('',(0.E0,0.E0,-1.E0));
#354=DIRECTION('',(-1.E0,0.E0,0.E0));
#355=AXIS2_PLACEMENT_3D('',#352,#353,#354);
#357=DIRECTION('',(0.E0,0.E0,1.E0));
#358=VECTOR('',#357,5.5E0);
#359=CARTESIAN_POINT('',(4.3E1,9.E0,-6.E0));
#360=LINE('',#359,#358);
#361=DIRECTION('',(0.E0,0.E0,-1.E0));
#362=VECTOR('',#361,5.5E0);
#363=CARTESIAN_POINT('',(4.7E1,5.E0,-5.E-1));
#364=LINE('',#363,#362);
#365=DIRECTION('',(2.009718347115E-14,7.071067811865E-1,-7.071067811865E-1));
#366=VECTOR('',#365,7.071067811865E-1);
#367=CARTESIAN_POINT('',(4.7E1,4.5E0,0.E0));
#368=LINE('',#367,#366);
#369=DIRECTION('',(-7.071067811865E-1,2.763362727283E-14,7.071067811865E-1));
#370=VECTOR('',#369,7.071067811865E-1);
#371=CARTESIAN_POINT('',(4.3E1,9.E0,-5.E-1));
#372=LINE('',#371,#370);
#373=CARTESIAN_POINT('',(4.7E1,9.E0,-5.E-1));
#374=DIRECTION('',(0.E0,0.E0,-1.E0));
#375=DIRECTION('',(-7.071067811865E-1,-7.071067811865E-1,0.E0));
#376=AXIS2_PLACEMENT_3D('',#373,#374,#375);
#378=CARTESIAN_POINT('',(4.7E1,9.E0,-5.E-1));
#379=DIRECTION('',(0.E0,0.E0,-1.E0));
#380=DIRECTION('',(0.E0,-1.E0,0.E0));
#381=AXIS2_PLACEMENT_3D('',#378,#379,#380);
#383=DIRECTION('',(1.E0,0.E0,0.E0));
#384=VECTOR('',#383,1.6E1);
#385=CARTESIAN_POINT('',(4.7E1,5.E0,-5.E-1));
#386=LINE('',#385,#384);
#387=DIRECTION('',(0.E0,0.E0,1.E0));
#388=VECTOR('',#387,5.5E0);
#389=CARTESIAN_POINT('',(6.3E1,5.E0,-6.E0));
#390=LINE('',#389,#388);
#391=DIRECTION('',(0.E0,0.E0,-1.E0));
#392=VECTOR('',#391,5.5E0);
#393=CARTESIAN_POINT('',(6.7E1,9.E0,-5.E-1));
#394=LINE('',#393,#392);
#395=DIRECTION('',(-7.071067811866E-1,-1.708260595048E-13,-7.071067811865E-1));
#396=VECTOR('',#395,7.071067811866E-1);
#397=CARTESIAN_POINT('',(6.75E1,9.E0,0.E0));
#398=LINE('',#397,#396);
#399=DIRECTION('',(0.E0,-7.071067811865E-1,7.071067811865E-1));
#400=VECTOR('',#399,7.071067811865E-1);
#401=CARTESIAN_POINT('',(6.3E1,5.E0,-5.E-1));
#402=LINE('',#401,#400);
#403=CARTESIAN_POINT('',(6.3E1,9.E0,-5.E-1));
#404=DIRECTION('',(0.E0,0.E0,-1.E0));
#405=DIRECTION('',(7.071067811865E-1,-7.071067811865E-1,0.E0));
#406=AXIS2_PLACEMENT_3D('',#403,#404,#405);
#408=CARTESIAN_POINT('',(6.3E1,9.E0,-5.E-1));
#409=DIRECTION('',(0.E0,0.E0,-1.E0));
#410=DIRECTION('',(1.E0,0.E0,0.E0));
#411=AXIS2_PLACEMENT_3D('',#408,#409,#410);
#413=DIRECTION('',(0.E0,1.E0,0.E0));
#414=VECTOR('',#413,1.2E1);
#415=CARTESIAN_POINT('',(6.7E1,9.E0,-5.E-1));
#416=LINE('',#415,#414);
#417=DIRECTION('',(0.E0,2.260817795600E-14,1.E0));
#418=VECTOR('',#417,5.5E0);
#419=CARTESIAN_POINT('',(6.7E1,2.1E1,-6.E0));
#420=LINE('',#419,#418);
#421=DIRECTION('',(0.E0,0.E0,-1.E0));
#422=VECTOR('',#421,5.5E0);
#423=CARTESIAN_POINT('',(6.3E1,2.5E1,-5.E-1));
#424=LINE('',#423,#422);
#425=DIRECTION('',(-4.019436694230E-14,-7.071067811865E-1,-7.071067811866E-1));
#426=VECTOR('',#425,7.071067811865E-1);
#427=CARTESIAN_POINT('',(6.3E1,2.55E1,0.E0));
#428=LINE('',#427,#426);
#429=DIRECTION('',(7.071067811866E-1,-3.567250066129E-13,7.071067811865E-1));
#430=VECTOR('',#429,7.071067811866E-1);
#431=CARTESIAN_POINT('',(6.7E1,2.1E1,-5.E-1));
#432=LINE('',#431,#430);
#433=CARTESIAN_POINT('',(6.3E1,2.1E1,-5.E-1));
#434=DIRECTION('',(0.E0,0.E0,-1.E0));
#435=DIRECTION('',(7.071067811865E-1,7.071067811865E-1,0.E0));
#436=AXIS2_PLACEMENT_3D('',#433,#434,#435);
#438=CARTESIAN_POINT('',(6.3E1,2.1E1,-5.E-1));
#439=DIRECTION('',(0.E0,0.E0,-1.E0));
#440=DIRECTION('',(0.E0,1.E0,0.E0));
#441=AXIS2_PLACEMENT_3D('',#438,#439,#440);
#443=DIRECTION('',(-1.E0,0.E0,0.E0));
#444=VECTOR('',#443,1.6E1);
#445=CARTESIAN_POINT('',(6.3E1,2.5E1,-5.E-1));
#446=LINE('',#445,#444);
#447=DIRECTION('',(0.E0,0.E0,1.E0));
#448=VECTOR('',#447,5.5E0);
#449=CARTESIAN_POINT('',(4.7E1,2.5E1,-6.E0));
#450=LINE('',#449,#448);
#451=DIRECTION('',(0.E0,0.E0,-1.E0));
#452=VECTOR('',#451,5.5E0);
#453=CARTESIAN_POINT('',(4.3E1,2.1E1,-5.E-1));
#454=LINE('',#453,#452);
#455=DIRECTION('',(7.071067811866E-1,0.E0,-7.071067811865E-1));
#456=VECTOR('',#455,7.071067811866E-1);
#457=CARTESIAN_POINT('',(4.25E1,2.1E1,0.E0));
#458=LINE('',#457,#456);
#459=DIRECTION('',(0.E0,7.071067811865E-1,7.071067811866E-1));
#460=VECTOR('',#459,7.071067811865E-1);
#461=CARTESIAN_POINT('',(4.7E1,2.5E1,-5.E-1));
#462=LINE('',#461,#460);
#463=CARTESIAN_POINT('',(4.7E1,2.1E1,-5.E-1));
#464=DIRECTION('',(0.E0,0.E0,-1.E0));
#465=DIRECTION('',(-7.071067811865E-1,7.071067811865E-1,0.E0));
#466=AXIS2_PLACEMENT_3D('',#463,#464,#465);
#468=CARTESIAN_POINT('',(4.7E1,2.1E1,-5.E-1));
#469=DIRECTION('',(0.E0,0.E0,-1.E0));
#470=DIRECTION('',(-1.E0,0.E0,0.E0));
#471=AXIS2_PLACEMENT_3D('',#468,#469,#470);
#473=DIRECTION('',(0.E0,-1.E0,0.E0));
#474=VECTOR('',#473,1.2E1);
#475=CARTESIAN_POINT('',(4.3E1,2.1E1,-5.E-1));
#476=LINE('',#475,#474);
#477=DIRECTION('',(0.E0,0.E0,1.E0));
#478=VECTOR('',#477,3.E0);
#479=CARTESIAN_POINT('',(5.1E1,1.5E1,-9.5E0));
#480=LINE('',#479,#478);
#481=DIRECTION('',(0.E0,0.E0,-1.E0));
#482=VECTOR('',#481,3.E0);
#483=CARTESIAN_POINT('',(5.9E1,1.5E1,-6.5E0));
#484=LINE('',#483,#482);
#485=CARTESIAN_POINT('',(5.5E1,1.5E1,-9.5E0));
#486=DIRECTION('',(0.E0,0.E0,-1.E0));
#487=DIRECTION('',(1.E0,0.E0,0.E0));
#488=AXIS2_PLACEMENT_3D('',#485,#486,#487);
#490=DIRECTION('',(7.071067811865E-1,0.E0,7.071067811866E-1));
#491=VECTOR('',#490,7.071067811866E-1);
#492=CARTESIAN_POINT('',(5.05E1,1.5E1,-1.E1));
#493=LINE('',#492,#491);
#494=DIRECTION('',(7.071067811865E-1,0.E0,-7.071067811865E-1));
#495=VECTOR('',#494,7.071067811865E-1);
#496=CARTESIAN_POINT('',(5.9E1,1.5E1,-9.5E0));
#497=LINE('',#496,#495);
#498=CARTESIAN_POINT('',(2.5E1,1.5E1,-9.5E0));
#499=DIRECTION('',(0.E0,0.E0,-1.E0));
#500=DIRECTION('',(-1.E0,0.E0,0.E0));
#501=AXIS2_PLACEMENT_3D('',#498,#499,#500);
#503=DIRECTION('',(7.071067811865E-1,0.E0,7.071067811866E-1));
#504=VECTOR('',#503,7.071067811866E-1);
#505=CARTESIAN_POINT('',(2.9E1,1.5E1,-6.5E0));
#506=LINE('',#505,#504);
#507=CARTESIAN_POINT('',(2.5E1,1.5E1,-6.5E0));
#508=DIRECTION('',(0.E0,0.E0,1.E0));
#509=DIRECTION('',(1.E0,0.E0,0.E0));
#510=AXIS2_PLACEMENT_3D('',#507,#508,#509);
#512=DIRECTION('',(7.071067811865E-1,0.E0,-7.071067811866E-1));
#513=VECTOR('',#512,7.071067811866E-1);
#514=CARTESIAN_POINT('',(2.05E1,1.5E1,-6.E0));
#515=LINE('',#514,#513);
#516=CARTESIAN_POINT('',(2.5E1,1.5E1,-6.5E0));
#517=DIRECTION('',(0.E0,0.E0,1.E0));
#518=DIRECTION('',(-1.E0,0.E0,0.E0));
#519=AXIS2_PLACEMENT_3D('',#516,#517,#518);
#521=CARTESIAN_POINT('',(1.7E1,9.E0,-6.E0));
#522=DIRECTION('',(0.E0,0.E0,1.E0));
#523=DIRECTION('',(-1.E0,-1.465494392505E-13,0.E0));
#524=AXIS2_PLACEMENT_3D('',#521,#522,#523);
#526=DIRECTION('',(0.E0,-1.E0,0.E0));
#527=VECTOR('',#526,1.2E1);
#528=CARTESIAN_POINT('',(1.3E1,2.1E1,-6.E0));
#529=LINE('',#528,#527);
#530=CARTESIAN_POINT('',(1.7E1,2.1E1,-6.E0));
#531=DIRECTION('',(0.E0,0.E0,1.E0));
#532=DIRECTION('',(-2.486899575160E-14,1.E0,0.E0));
#533=AXIS2_PLACEMENT_3D('',#530,#531,#532);
#535=DIRECTION('',(-1.E0,0.E0,0.E0));
#536=VECTOR('',#535,1.6E1);
#537=CARTESIAN_POINT('',(3.3E1,2.5E1,-6.E0));
#538=LINE('',#537,#536);
#539=CARTESIAN_POINT('',(3.3E1,2.1E1,-6.E0));
#540=DIRECTION('',(0.E0,0.E0,1.E0));
#541=DIRECTION('',(1.E0,0.E0,0.E0));
#542=AXIS2_PLACEMENT_3D('',#539,#540,#541);
#544=DIRECTION('',(0.E0,1.E0,0.E0));
#545=VECTOR('',#544,1.2E1);
#546=CARTESIAN_POINT('',(3.7E1,9.E0,-6.E0));
#547=LINE('',#546,#545);
#548=CARTESIAN_POINT('',(3.3E1,9.E0,-6.E0));
#549=DIRECTION('',(0.E0,0.E0,1.E0));
#550=DIRECTION('',(0.E0,-1.E0,0.E0));
#551=AXIS2_PLACEMENT_3D('',#548,#549,#550);
#553=DIRECTION('',(1.E0,0.E0,0.E0));
#554=VECTOR('',#553,1.6E1);
#555=CARTESIAN_POINT('',(1.7E1,5.E0,-6.E0));
#556=LINE('',#555,#554);
#557=CARTESIAN_POINT('',(2.5E1,1.5E1,-6.E0));
#558=DIRECTION('',(0.E0,0.E0,-1.E0));
#559=DIRECTION('',(1.E0,0.E0,0.E0));
#560=AXIS2_PLACEMENT_3D('',#557,#558,#559);
#562=CARTESIAN_POINT('',(2.5E1,1.5E1,-6.E0));
#563=DIRECTION('',(0.E0,0.E0,-1.E0));
#564=DIRECTION('',(-1.E0,0.E0,0.E0));
#565=AXIS2_PLACEMENT_3D('',#562,#563,#564);
#567=DIRECTION('',(0.E0,3.617308472961E-14,1.E0));
#568=VECTOR('',#567,5.5E0);
#569=CARTESIAN_POINT('',(1.3E1,9.E0,-6.E0));
#570=LINE('',#569,#568);
#571=DIRECTION('',(0.E0,0.E0,-1.E0));
#572=VECTOR('',#571,5.5E0);
#573=CARTESIAN_POINT('',(1.7E1,5.E0,-5.E-1));
#574=LINE('',#573,#572);
#575=DIRECTION('',(0.E0,7.071067811865E-1,-7.071067811865E-1));
#576=VECTOR('',#575,7.071067811865E-1);
#577=CARTESIAN_POINT('',(1.7E1,4.5E0,0.E0));
#578=LINE('',#577,#576);
#579=DIRECTION('',(-7.071067811865E-1,-3.542128586791E-13,7.071067811866E-1));
#580=VECTOR('',#579,7.071067811865E-1);
#581=CARTESIAN_POINT('',(1.3E1,9.E0,-5.E-1));
#582=LINE('',#581,#580);
#583=CARTESIAN_POINT('',(1.7E1,9.E0,-5.E-1));
#584=DIRECTION('',(0.E0,0.E0,-1.E0));
#585=DIRECTION('',(-7.071067811865E-1,-7.071067811865E-1,0.E0));
#586=AXIS2_PLACEMENT_3D('',#583,#584,#585);
#588=CARTESIAN_POINT('',(1.7E1,9.E0,-5.E-1));
#589=DIRECTION('',(0.E0,0.E0,-1.E0));
#590=DIRECTION('',(0.E0,-1.E0,0.E0));
#591=AXIS2_PLACEMENT_3D('',#588,#589,#590);
#593=DIRECTION('',(1.E0,0.E0,0.E0));
#594=VECTOR('',#593,1.6E1);
#595=CARTESIAN_POINT('',(1.7E1,5.E0,-5.E-1));
#596=LINE('',#595,#594);
#597=DIRECTION('',(0.E0,0.E0,1.E0));
#598=VECTOR('',#597,5.5E0);
#599=CARTESIAN_POINT('',(3.3E1,5.E0,-6.E0));
#600=LINE('',#599,#598);
#601=DIRECTION('',(0.E0,0.E0,-1.E0));
#602=VECTOR('',#601,5.5E0);
#603=CARTESIAN_POINT('',(3.7E1,9.E0,-5.E-1));
#604=LINE('',#603,#602);
#605=DIRECTION('',(-7.071067811865E-1,0.E0,-7.071067811865E-1));
#606=VECTOR('',#605,7.071067811865E-1);
#607=CARTESIAN_POINT('',(3.75E1,9.E0,0.E0));
#608=LINE('',#607,#606);
#609=DIRECTION('',(-3.014577520673E-14,-7.071067811865E-1,7.071067811865E-1));
#610=VECTOR('',#609,7.071067811866E-1);
#611=CARTESIAN_POINT('',(3.3E1,5.E0,-5.E-1));
#612=LINE('',#611,#610);
#613=CARTESIAN_POINT('',(3.3E1,9.E0,-5.E-1));
#614=DIRECTION('',(0.E0,0.E0,-1.E0));
#615=DIRECTION('',(7.071067811865E-1,-7.071067811865E-1,0.E0));
#616=AXIS2_PLACEMENT_3D('',#613,#614,#615);
#618=CARTESIAN_POINT('',(3.3E1,9.E0,-5.E-1));
#619=DIRECTION('',(0.E0,0.E0,-1.E0));
#620=DIRECTION('',(1.E0,0.E0,0.E0));
#621=AXIS2_PLACEMENT_3D('',#618,#619,#620);
#623=DIRECTION('',(0.E0,1.E0,0.E0));
#624=VECTOR('',#623,1.2E1);
#625=CARTESIAN_POINT('',(3.7E1,9.E0,-5.E-1));
#626=LINE('',#625,#624);
#627=DIRECTION('',(0.E0,0.E0,1.E0));
#628=VECTOR('',#627,5.5E0);
#629=CARTESIAN_POINT('',(3.7E1,2.1E1,-6.E0));
#630=LINE('',#629,#628);
#631=DIRECTION('',(0.E0,0.E0,-1.E0));
#632=VECTOR('',#631,5.5E0);
#633=CARTESIAN_POINT('',(3.3E1,2.5E1,-5.E-1));
#634=LINE('',#633,#632);
#635=DIRECTION('',(0.E0,-7.071067811865E-1,-7.071067811866E-1));
#636=VECTOR('',#635,7.071067811865E-1);
#637=CARTESIAN_POINT('',(3.3E1,2.55E1,0.E0));
#638=LINE('',#637,#636);
#639=DIRECTION('',(7.071067811865E-1,0.E0,7.071067811865E-1));
#640=VECTOR('',#639,7.071067811865E-1);
#641=CARTESIAN_POINT('',(3.7E1,2.1E1,-5.E-1));
#642=LINE('',#641,#640);
#643=CARTESIAN_POINT('',(3.3E1,2.1E1,-5.E-1));
#644=DIRECTION('',(0.E0,0.E0,-1.E0));
#645=DIRECTION('',(7.071067811865E-1,7.071067811865E-1,0.E0));
#646=AXIS2_PLACEMENT_3D('',#643,#644,#645);
#648=CARTESIAN_POINT('',(3.3E1,2.1E1,-5.E-1));
#649=DIRECTION('',(0.E0,0.E0,-1.E0));
#650=DIRECTION('',(0.E0,1.E0,0.E0));
#651=AXIS2_PLACEMENT_3D('',#648,#649,#650);
#653=DIRECTION('',(-1.E0,0.E0,0.E0));
#654=VECTOR('',#653,1.6E1);
#655=CARTESIAN_POINT('',(3.3E1,2.5E1,-5.E-1));
#656=LINE('',#655,#654);
#657=DIRECTION('',(0.E0,0.E0,1.E0));
#658=VECTOR('',#657,5.5E0);
#659=CARTESIAN_POINT('',(1.7E1,2.5E1,-6.E0));
#660=LINE('',#659,#658);
#661=DIRECTION('',(0.E0,0.E0,-1.E0));
#662=VECTOR('',#661,5.5E0);
#663=CARTESIAN_POINT('',(1.3E1,2.1E1,-5.E-1));
#664=LINE('',#663,#662);
#665=DIRECTION('',(7.071067811865E-1,-2.512147933894E-14,-7.071067811866E-1));
#666=VECTOR('',#665,7.071067811865E-1);
#667=CARTESIAN_POINT('',(1.25E1,2.1E1,0.E0));
#668=LINE('',#667,#666);
#669=DIRECTION('',(-4.521866281009E-14,7.071067811865E-1,7.071067811866E-1));
#670=VECTOR('',#669,7.071067811865E-1);
#671=CARTESIAN_POINT('',(1.7E1,2.5E1,-5.E-1));
#672=LINE('',#671,#670);
#673=CARTESIAN_POINT('',(1.7E1,2.1E1,-5.E-1));
#674=DIRECTION('',(0.E0,0.E0,-1.E0));
#675=DIRECTION('',(-7.071067811865E-1,7.071067811865E-1,0.E0));
#676=AXIS2_PLACEMENT_3D('',#673,#674,#675);
#678=CARTESIAN_POINT('',(1.7E1,2.1E1,-5.E-1));
#679=DIRECTION('',(0.E0,0.E0,-1.E0));
#680=DIRECTION('',(-1.E0,0.E0,0.E0));
#681=AXIS2_PLACEMENT_3D('',#678,#679,#680);
#683=DIRECTION('',(0.E0,-1.E0,0.E0));
#684=VECTOR('',#683,1.2E1);
#685=CARTESIAN_POINT('',(1.3E1,2.1E1,-5.E-1));
#686=LINE('',#685,#684);
#687=DIRECTION('',(0.E0,0.E0,1.E0));
#688=VECTOR('',#687,3.E0);
#689=CARTESIAN_POINT('',(2.1E1,1.5E1,-9.5E0));
#690=LINE('',#689,#688);
#691=DIRECTION('',(0.E0,0.E0,-1.E0));
#692=VECTOR('',#691,3.E0);
#693=CARTESIAN_POINT('',(2.9E1,1.5E1,-6.5E0));
#694=LINE('',#693,#692);
#695=CARTESIAN_POINT('',(2.5E1,1.5E1,-9.5E0));
#696=DIRECTION('',(0.E0,0.E0,-1.E0));
#697=DIRECTION('',(1.E0,0.E0,0.E0));
#698=AXIS2_PLACEMENT_3D('',#695,#696,#697);
#700=DIRECTION('',(7.071067811865E-1,0.E0,7.071067811866E-1));
#701=VECTOR('',#700,7.071067811866E-1);
#702=CARTESIAN_POINT('',(2.05E1,1.5E1,-1.E1));
#703=LINE('',#702,#701);
#704=DIRECTION('',(7.071067811865E-1,0.E0,-7.071067811865E-1));
#705=VECTOR('',#704,7.071067811865E-1);
#706=CARTESIAN_POINT('',(2.9E1,1.5E1,-9.5E0));
#707=LINE('',#706,#705);
#708=CARTESIAN_POINT('',(5.E0,3.E1,-9.2675E0));
#709=DIRECTION('',(0.E0,0.E0,-1.E0));
#710=DIRECTION('',(-1.E0,0.E0,0.E0));
#711=AXIS2_PLACEMENT_3D('',#708,#709,#710);
#713=DIRECTION('',(7.071067811866E-1,0.E0,7.071067811865E-1));
#714=VECTOR('',#713,1.035911434438E0);
#715=CARTESIAN_POINT('',(7.5175E0,3.E1,-7.325E-1));
#716=LINE('',#715,#714);
#717=CARTESIAN_POINT('',(5.E0,3.E1,-7.325E-1));
#718=DIRECTION('',(0.E0,0.E0,1.E0));
#719=DIRECTION('',(1.E0,0.E0,0.E0));
#720=AXIS2_PLACEMENT_3D('',#717,#718,#719);
#722=DIRECTION('',(7.071067811865E-1,0.E0,-7.071067811865E-1));
#723=VECTOR('',#722,1.035911434438E0);
#724=CARTESIAN_POINT('',(1.75E0,3.E1,0.E0));
#725=LINE('',#724,#723);
#726=CARTESIAN_POINT('',(5.E0,3.E1,-7.325E-1));
#727=DIRECTION('',(0.E0,0.E0,1.E0));
#728=DIRECTION('',(-1.E0,0.E0,0.E0));
#729=AXIS2_PLACEMENT_3D('',#726,#727,#728);
#731=DIRECTION('',(0.E0,0.E0,1.E0));
#732=VECTOR('',#731,8.535E0);
#733=CARTESIAN_POINT('',(2.4825E0,3.E1,-9.2675E0));
#734=LINE('',#733,#732);
#735=DIRECTION('',(0.E0,0.E0,-1.E0));
#736=VECTOR('',#735,8.535E0);
#737=CARTESIAN_POINT('',(7.5175E0,3.E1,-7.325E-1));
#738=LINE('',#737,#736);
#739=CARTESIAN_POINT('',(5.E0,3.E1,-9.2675E0));
#740=DIRECTION('',(0.E0,0.E0,-1.E0));
#741=DIRECTION('',(1.E0,0.E0,0.E0));
#742=AXIS2_PLACEMENT_3D('',#739,#740,#741);
#744=DIRECTION('',(7.071067811865E-1,0.E0,7.071067811866E-1));
#745=VECTOR('',#744,1.035911434438E0);
#746=CARTESIAN_POINT('',(1.75E0,3.E1,-1.E1));
#747=LINE('',#746,#745);
#748=DIRECTION('',(7.071067811866E-1,0.E0,-7.071067811865E-1));
#749=VECTOR('',#748,1.035911434438E0);
#750=CARTESIAN_POINT('',(7.5175E0,3.E1,-9.2675E0));
#751=LINE('',#750,#749);
#752=CARTESIAN_POINT('',(8.5E1,4.5E1,-9.5E0));
#753=DIRECTION('',(0.E0,0.E0,-1.E0));
#754=DIRECTION('',(-1.E0,0.E0,0.E0));
#755=AXIS2_PLACEMENT_3D('',#752,#753,#754);
#757=DIRECTION('',(7.071067811866E-1,0.E0,7.071067811865E-1));
#758=VECTOR('',#757,7.071067811866E-1);
#759=CARTESIAN_POINT('',(8.9E1,4.5E1,-6.5E0));
#760=LINE('',#759,#758);
#761=CARTESIAN_POINT('',(8.5E1,4.5E1,-6.5E0));
#762=DIRECTION('',(0.E0,0.E0,1.E0));
#763=DIRECTION('',(1.E0,0.E0,0.E0));
#764=AXIS2_PLACEMENT_3D('',#761,#762,#763);
#766=DIRECTION('',(7.071067811866E-1,0.E0,-7.071067811865E-1));
#767=VECTOR('',#766,7.071067811866E-1);
#768=CARTESIAN_POINT('',(8.05E1,4.5E1,-6.E0));
#769=LINE('',#768,#767);
#770=CARTESIAN_POINT('',(8.5E1,4.5E1,-6.5E0));
#771=DIRECTION('',(0.E0,0.E0,1.E0));
#772=DIRECTION('',(-1.E0,0.E0,0.E0));
#773=AXIS2_PLACEMENT_3D('',#770,#771,#772);
#775=CARTESIAN_POINT('',(8.5E1,4.5E1,-6.E0));
#776=DIRECTION('',(0.E0,0.E0,1.E0));
#777=DIRECTION('',(1.E0,0.E0,0.E0));
#778=AXIS2_PLACEMENT_3D('',#775,#776,#777);
#780=CARTESIAN_POINT('',(8.5E1,4.5E1,-6.E0));
#781=DIRECTION('',(0.E0,0.E0,1.E0));
#782=DIRECTION('',(-1.E0,0.E0,0.E0));
#783=AXIS2_PLACEMENT_3D('',#780,#781,#782);
#785=CARTESIAN_POINT('',(8.5E1,4.5E1,-6.E0));
#786=DIRECTION('',(0.E0,0.E0,-1.E0));
#787=DIRECTION('',(1.E0,0.E0,0.E0));
#788=AXIS2_PLACEMENT_3D('',#785,#786,#787);
#790=CARTESIAN_POINT('',(8.5E1,4.5E1,-6.E0));
#791=DIRECTION('',(0.E0,0.E0,-1.E0));
#792=DIRECTION('',(-1.E0,0.E0,0.E0));
#793=AXIS2_PLACEMENT_3D('',#790,#791,#792);
#795=DIRECTION('',(0.E0,0.E0,-1.E0));
#796=VECTOR('',#795,5.5E0);
#797=CARTESIAN_POINT('',(9.5E1,4.5E1,-5.E-1));
#798=LINE('',#797,#796);
#799=DIRECTION('',(0.E0,0.E0,1.E0));
#800=VECTOR('',#799,5.5E0);
#801=CARTESIAN_POINT('',(7.5E1,4.5E1,-6.E0));
#802=LINE('',#801,#800);
#803=CARTESIAN_POINT('',(8.5E1,4.5E1,-5.E-1));
#804=DIRECTION('',(0.E0,0.E0,1.E0));
#805=DIRECTION('',(-1.E0,0.E0,0.E0));
#806=AXIS2_PLACEMENT_3D('',#803,#804,#805);
#808=CARTESIAN_POINT('',(8.5E1,4.5E1,-5.E-1));
#809=DIRECTION('',(0.E0,0.E0,1.E0));
#810=DIRECTION('',(1.E0,0.E0,0.E0));
#811=AXIS2_PLACEMENT_3D('',#808,#809,#810);
#813=DIRECTION('',(7.071067811865E-1,0.E0,-7.071067811865E-1));
#814=VECTOR('',#813,7.071067811865E-1);
#815=CARTESIAN_POINT('',(7.45E1,4.5E1,0.E0));
#816=LINE('',#815,#814);
#817=DIRECTION('',(7.071067811865E-1,0.E0,7.071067811865E-1));
#818=VECTOR('',#817,7.071067811865E-1);
#819=CARTESIAN_POINT('',(9.5E1,4.5E1,-5.E-1));
#820=LINE('',#819,#818);
#821=DIRECTION('',(0.E0,0.E0,1.E0));
#822=VECTOR('',#821,3.E0);
#823=CARTESIAN_POINT('',(8.1E1,4.5E1,-9.5E0));
#824=LINE('',#823,#822);
#825=DIRECTION('',(0.E0,0.E0,-1.E0));
#826=VECTOR('',#825,3.E0);
#827=CARTESIAN_POINT('',(8.9E1,4.5E1,-6.5E0));
#828=LINE('',#827,#826);
#829=CARTESIAN_POINT('',(8.5E1,4.5E1,-9.5E0));
#830=DIRECTION('',(0.E0,0.E0,-1.E0));
#831=DIRECTION('',(1.E0,0.E0,0.E0));
#832=AXIS2_PLACEMENT_3D('',#829,#830,#831);
#834=DIRECTION('',(7.071067811866E-1,0.E0,7.071067811865E-1));
#835=VECTOR('',#834,7.071067811866E-1);
#836=CARTESIAN_POINT('',(8.05E1,4.5E1,-1.E1));
#837=LINE('',#836,#835);
#838=DIRECTION('',(7.071067811865E-1,0.E0,-7.071067811866E-1));
#839=VECTOR('',#838,7.071067811866E-1);
#840=CARTESIAN_POINT('',(8.9E1,4.5E1,-9.5E0));
#841=LINE('',#840,#839);
#842=CARTESIAN_POINT('',(2.5E1,4.5E1,-9.5E0));
#843=DIRECTION('',(0.E0,0.E0,-1.E0));
#844=DIRECTION('',(-1.E0,0.E0,0.E0));
#845=AXIS2_PLACEMENT_3D('',#842,#843,#844);
#847=DIRECTION('',(7.071067811865E-1,0.E0,7.071067811865E-1));
#848=VECTOR('',#847,7.071067811866E-1);
#849=CARTESIAN_POINT('',(2.9E1,4.5E1,-6.5E0));
#850=LINE('',#849,#848);
#851=CARTESIAN_POINT('',(2.5E1,4.5E1,-6.5E0));
#852=DIRECTION('',(0.E0,0.E0,1.E0));
#853=DIRECTION('',(1.E0,0.E0,0.E0));
#854=AXIS2_PLACEMENT_3D('',#851,#852,#853);
#856=DIRECTION('',(7.071067811865E-1,0.E0,-7.071067811866E-1));
#857=VECTOR('',#856,7.071067811866E-1);
#858=CARTESIAN_POINT('',(2.05E1,4.5E1,-6.E0));
#859=LINE('',#858,#857);
#860=CARTESIAN_POINT('',(2.5E1,4.5E1,-6.5E0));
#861=DIRECTION('',(0.E0,0.E0,1.E0));
#862=DIRECTION('',(-1.E0,0.E0,0.E0));
#863=AXIS2_PLACEMENT_3D('',#860,#861,#862);
#865=CARTESIAN_POINT('',(2.5E1,4.5E1,-6.E0));
#866=DIRECTION('',(0.E0,0.E0,1.E0));
#867=DIRECTION('',(1.E0,0.E0,0.E0));
#868=AXIS2_PLACEMENT_3D('',#865,#866,#867);
#870=CARTESIAN_POINT('',(2.5E1,4.5E1,-6.E0));
#871=DIRECTION('',(0.E0,0.E0,1.E0));
#872=DIRECTION('',(-1.E0,0.E0,0.E0));
#873=AXIS2_PLACEMENT_3D('',#870,#871,#872);
#875=CARTESIAN_POINT('',(2.5E1,4.5E1,-6.E0));
#876=DIRECTION('',(0.E0,0.E0,-1.E0));
#877=DIRECTION('',(1.E0,0.E0,0.E0));
#878=AXIS2_PLACEMENT_3D('',#875,#876,#877);
#880=CARTESIAN_POINT('',(2.5E1,4.5E1,-6.E0));
#881=DIRECTION('',(0.E0,0.E0,-1.E0));
#882=DIRECTION('',(-1.E0,0.E0,0.E0));
#883=AXIS2_PLACEMENT_3D('',#880,#881,#882);
#885=DIRECTION('',(0.E0,0.E0,-1.E0));
#886=VECTOR('',#885,5.5E0);
#887=CARTESIAN_POINT('',(3.5E1,4.5E1,-5.E-1));
#888=LINE('',#887,#886);
#889=DIRECTION('',(0.E0,0.E0,1.E0));
#890=VECTOR('',#889,5.5E0);
#891=CARTESIAN_POINT('',(1.5E1,4.5E1,-6.E0));
#892=LINE('',#891,#890);
#893=CARTESIAN_POINT('',(2.5E1,4.5E1,-5.E-1));
#894=DIRECTION('',(0.E0,0.E0,1.E0));
#895=DIRECTION('',(-1.E0,0.E0,0.E0));
#896=AXIS2_PLACEMENT_3D('',#893,#894,#895);
#898=CARTESIAN_POINT('',(2.5E1,4.5E1,-5.E-1));
#899=DIRECTION('',(0.E0,0.E0,1.E0));
#900=DIRECTION('',(1.E0,0.E0,0.E0));
#901=AXIS2_PLACEMENT_3D('',#898,#899,#900);
#903=DIRECTION('',(7.071067811865E-1,0.E0,-7.071067811866E-1));
#904=VECTOR('',#903,7.071067811865E-1);
#905=CARTESIAN_POINT('',(1.45E1,4.5E1,0.E0));
#906=LINE('',#905,#904);
#907=DIRECTION('',(7.071067811865E-1,0.E0,7.071067811866E-1));
#908=VECTOR('',#907,7.071067811865E-1);
#909=CARTESIAN_POINT('',(3.5E1,4.5E1,-5.E-1));
#910=LINE('',#909,#908);
#911=DIRECTION('',(0.E0,0.E0,1.E0));
#912=VECTOR('',#911,3.E0);
#913=CARTESIAN_POINT('',(2.1E1,4.5E1,-9.5E0));
#914=LINE('',#913,#912);
#915=DIRECTION('',(0.E0,0.E0,-1.E0));
#916=VECTOR('',#915,3.E0);
#917=CARTESIAN_POINT('',(2.9E1,4.5E1,-6.5E0));
#918=LINE('',#917,#916);
#919=CARTESIAN_POINT('',(2.5E1,4.5E1,-9.5E0));
#920=DIRECTION('',(0.E0,0.E0,-1.E0));
#921=DIRECTION('',(1.E0,0.E0,0.E0));
#922=AXIS2_PLACEMENT_3D('',#919,#920,#921);
#924=DIRECTION('',(7.071067811865E-1,0.E0,7.071067811866E-1));
#925=VECTOR('',#924,7.071067811865E-1);
#926=CARTESIAN_POINT('',(2.05E1,4.5E1,-1.E1));
#927=LINE('',#926,#925);
#928=DIRECTION('',(7.071067811866E-1,0.E0,-7.071067811865E-1));
#929=VECTOR('',#928,7.071067811866E-1);
#930=CARTESIAN_POINT('',(2.9E1,4.5E1,-9.5E0));
#931=LINE('',#930,#929);
#932=CARTESIAN_POINT('',(5.5E1,4.5E1,-9.5E0));
#933=DIRECTION('',(0.E0,0.E0,-1.E0));
#934=DIRECTION('',(-1.E0,0.E0,0.E0));
#935=AXIS2_PLACEMENT_3D('',#932,#933,#934);
#937=DIRECTION('',(7.071067811865E-1,0.E0,7.071067811866E-1));
#938=VECTOR('',#937,7.071067811866E-1);
#939=CARTESIAN_POINT('',(5.9E1,4.5E1,-6.5E0));
#940=LINE('',#939,#938);
#941=CARTESIAN_POINT('',(5.5E1,4.5E1,-6.5E0));
#942=DIRECTION('',(0.E0,0.E0,1.E0));
#943=DIRECTION('',(1.E0,0.E0,0.E0));
#944=AXIS2_PLACEMENT_3D('',#941,#942,#943);
#946=DIRECTION('',(7.071067811865E-1,0.E0,-7.071067811866E-1));
#947=VECTOR('',#946,7.071067811866E-1);
#948=CARTESIAN_POINT('',(5.05E1,4.5E1,-6.E0));
#949=LINE('',#948,#947);
#950=CARTESIAN_POINT('',(5.5E1,4.5E1,-6.5E0));
#951=DIRECTION('',(0.E0,0.E0,1.E0));
#952=DIRECTION('',(-1.E0,0.E0,0.E0));
#953=AXIS2_PLACEMENT_3D('',#950,#951,#952);
#955=CARTESIAN_POINT('',(5.5E1,4.5E1,-6.E0));
#956=DIRECTION('',(0.E0,0.E0,1.E0));
#957=DIRECTION('',(1.E0,0.E0,0.E0));
#958=AXIS2_PLACEMENT_3D('',#955,#956,#957);
#960=CARTESIAN_POINT('',(5.5E1,4.5E1,-6.E0));
#961=DIRECTION('',(0.E0,0.E0,1.E0));
#962=DIRECTION('',(-1.E0,0.E0,0.E0));
#963=AXIS2_PLACEMENT_3D('',#960,#961,#962);
#965=CARTESIAN_POINT('',(5.5E1,4.5E1,-6.E0));
#966=DIRECTION('',(0.E0,0.E0,-1.E0));
#967=DIRECTION('',(1.E0,0.E0,0.E0));
#968=AXIS2_PLACEMENT_3D('',#965,#966,#967);
#970=CARTESIAN_POINT('',(5.5E1,4.5E1,-6.E0));
#971=DIRECTION('',(0.E0,0.E0,-1.E0));
#972=DIRECTION('',(-1.E0,0.E0,0.E0));
#973=AXIS2_PLACEMENT_3D('',#970,#971,#972);
#975=DIRECTION('',(0.E0,0.E0,-1.E0));
#976=VECTOR('',#975,5.5E0);
#977=CARTESIAN_POINT('',(6.5E1,4.5E1,-5.E-1));
#978=LINE('',#977,#976);
#979=DIRECTION('',(0.E0,0.E0,1.E0));
#980=VECTOR('',#979,5.5E0);
#981=CARTESIAN_POINT('',(4.5E1,4.5E1,-6.E0));
#982=LINE('',#981,#980);
#983=CARTESIAN_POINT('',(5.5E1,4.5E1,-5.E-1));
#984=DIRECTION('',(0.E0,0.E0,1.E0));
#985=DIRECTION('',(-1.E0,0.E0,0.E0));
#986=AXIS2_PLACEMENT_3D('',#983,#984,#985);
#988=CARTESIAN_POINT('',(5.5E1,4.5E1,-5.E-1));
#989=DIRECTION('',(0.E0,0.E0,1.E0));
#990=DIRECTION('',(1.E0,0.E0,0.E0));
#991=AXIS2_PLACEMENT_3D('',#988,#989,#990);
#993=DIRECTION('',(7.071067811865E-1,0.E0,-7.071067811866E-1));
#994=VECTOR('',#993,7.071067811865E-1);
#995=CARTESIAN_POINT('',(4.45E1,4.5E1,0.E0));
#996=LINE('',#995,#994);
#997=DIRECTION('',(7.071067811865E-1,-3.014577520673E-14,7.071067811866E-1));
#998=VECTOR('',#997,7.071067811865E-1);
#999=CARTESIAN_POINT('',(6.5E1,4.5E1,-5.E-1));
#1000=LINE('',#999,#998);
#1001=DIRECTION('',(0.E0,0.E0,1.E0));
#1002=VECTOR('',#1001,3.E0);
#1003=CARTESIAN_POINT('',(5.1E1,4.5E1,-9.5E0));
#1004=LINE('',#1003,#1002);
#1005=DIRECTION('',(0.E0,0.E0,-1.E0));
#1006=VECTOR('',#1005,3.E0);
#1007=CARTESIAN_POINT('',(5.9E1,4.5E1,-6.5E0));
#1008=LINE('',#1007,#1006);
#1009=CARTESIAN_POINT('',(5.5E1,4.5E1,-9.5E0));
#1010=DIRECTION('',(0.E0,0.E0,-1.E0));
#1011=DIRECTION('',(1.E0,0.E0,0.E0));
#1012=AXIS2_PLACEMENT_3D('',#1009,#1010,#1011);
#1014=DIRECTION('',(7.071067811865E-1,0.E0,7.071067811865E-1));
#1015=VECTOR('',#1014,7.071067811865E-1);
#1016=CARTESIAN_POINT('',(5.05E1,4.5E1,-1.E1));
#1017=LINE('',#1016,#1015);
#1018=DIRECTION('',(7.071067811865E-1,0.E0,-7.071067811865E-1));
#1019=VECTOR('',#1018,7.071067811865E-1);
#1020=CARTESIAN_POINT('',(5.9E1,4.5E1,-9.5E0));
#1021=LINE('',#1020,#1019);
#1022=CARTESIAN_POINT('',(1.05E2,3.E1,-9.2675E0));
#1023=DIRECTION('',(0.E0,0.E0,-1.E0));
#1024=DIRECTION('',(-1.E0,0.E0,0.E0));
#1025=AXIS2_PLACEMENT_3D('',#1022,#1023,#1024);
#1027=DIRECTION('',(7.071067811865E-1,0.E0,7.071067811866E-1));
#1028=VECTOR('',#1027,1.035911434438E0);
#1029=CARTESIAN_POINT('',(1.075175E2,3.E1,-7.325E-1));
#1030=LINE('',#1029,#1028);
#1031=CARTESIAN_POINT('',(1.05E2,3.E1,-7.325E-1));
#1032=DIRECTION('',(0.E0,0.E0,1.E0));
#1033=DIRECTION('',(1.E0,0.E0,0.E0));
#1034=AXIS2_PLACEMENT_3D('',#1031,#1032,#1033);
#1036=DIRECTION('',(7.071067811866E-1,0.E0,-7.071067811865E-1));
#1037=VECTOR('',#1036,1.035911434438E0);
#1038=CARTESIAN_POINT('',(1.0175E2,3.E1,0.E0));
#1039=LINE('',#1038,#1037);
#1040=CARTESIAN_POINT('',(1.05E2,3.E1,-7.325E-1));
#1041=DIRECTION('',(0.E0,0.E0,1.E0));
#1042=DIRECTION('',(-1.E0,0.E0,0.E0));
#1043=AXIS2_PLACEMENT_3D('',#1040,#1041,#1042);
#1045=DIRECTION('',(0.E0,0.E0,1.E0));
#1046=VECTOR('',#1045,8.535E0);
#1047=CARTESIAN_POINT('',(1.024825E2,3.E1,-9.2675E0));
#1048=LINE('',#1047,#1046);
#1049=DIRECTION('',(0.E0,0.E0,-1.E0));
#1050=VECTOR('',#1049,8.535E0);
#1051=CARTESIAN_POINT('',(1.075175E2,3.E1,-7.325E-1));
#1052=LINE('',#1051,#1050);
#1053=CARTESIAN_POINT('',(1.05E2,3.E1,-9.2675E0));
#1054=DIRECTION('',(0.E0,0.E0,-1.E0));
#1055=DIRECTION('',(1.E0,0.E0,0.E0));
#1056=AXIS2_PLACEMENT_3D('',#1053,#1054,#1055);
#1058=DIRECTION('',(7.071067811866E-1,0.E0,7.071067811865E-1));
#1059=VECTOR('',#1058,1.035911434438E0);
#1060=CARTESIAN_POINT('',(1.0175E2,3.E1,-1.E1));
#1061=LINE('',#1060,#1059);
#1062=DIRECTION('',(7.071067811865E-1,0.E0,-7.071067811866E-1));
#1063=VECTOR('',#1062,1.035911434438E0);
#1064=CARTESIAN_POINT('',(1.075175E2,3.E1,-9.2675E0));
#1065=LINE('',#1064,#1063);
#1066=CARTESIAN_POINT('',(8.5E1,1.5E1,-9.5E0));
#1067=DIRECTION('',(0.E0,0.E0,-1.E0));
#1068=DIRECTION('',(-1.E0,0.E0,0.E0));
#1069=AXIS2_PLACEMENT_3D('',#1066,#1067,#1068);
#1071=DIRECTION('',(7.071067811866E-1,0.E0,7.071067811865E-1));
#1072=VECTOR('',#1071,7.071067811866E-1);
#1073=CARTESIAN_POINT('',(8.9E1,1.5E1,-6.5E0));
#1074=LINE('',#1073,#1072);
#1075=CARTESIAN_POINT('',(8.5E1,1.5E1,-6.5E0));
#1076=DIRECTION('',(0.E0,0.E0,1.E0));
#1077=DIRECTION('',(1.E0,0.E0,0.E0));
#1078=AXIS2_PLACEMENT_3D('',#1075,#1076,#1077);
#1080=DIRECTION('',(7.071067811866E-1,0.E0,-7.071067811865E-1));
#1081=VECTOR('',#1080,7.071067811866E-1);
#1082=CARTESIAN_POINT('',(8.05E1,1.5E1,-6.E0));
#1083=LINE('',#1082,#1081);
#1084=CARTESIAN_POINT('',(8.5E1,1.5E1,-6.5E0));
#1085=DIRECTION('',(0.E0,0.E0,1.E0));
#1086=DIRECTION('',(-1.E0,0.E0,0.E0));
#1087=AXIS2_PLACEMENT_3D('',#1084,#1085,#1086);
#1089=CARTESIAN_POINT('',(9.3E1,9.E0,-6.E0));
#1090=DIRECTION('',(0.E0,0.E0,1.E0));
#1091=DIRECTION('',(2.131628207280E-14,-1.E0,0.E0));
#1092=AXIS2_PLACEMENT_3D('',#1089,#1090,#1091);
#1094=DIRECTION('',(1.E0,0.E0,0.E0));
#1095=VECTOR('',#1094,1.6E1);
#1096=CARTESIAN_POINT('',(7.7E1,5.E0,-6.E0));
#1097=LINE('',#1096,#1095);
#1098=CARTESIAN_POINT('',(7.7E1,9.E0,-6.E0));
#1099=DIRECTION('',(0.E0,0.E0,1.E0));
#1100=DIRECTION('',(-1.E0,5.995204332976E-14,0.E0));
#1101=AXIS2_PLACEMENT_3D('',#1098,#1099,#1100);
#1103=DIRECTION('',(0.E0,-1.E0,0.E0));
#1104=VECTOR('',#1103,1.2E1);
#1105=CARTESIAN_POINT('',(7.3E1,2.1E1,-6.E0));
#1106=LINE('',#1105,#1104);
#1107=CARTESIAN_POINT('',(7.7E1,2.1E1,-6.E0));
#1108=DIRECTION('',(0.E0,0.E0,1.E0));
#1109=DIRECTION('',(1.421085471520E-14,1.E0,0.E0));
#1110=AXIS2_PLACEMENT_3D('',#1107,#1108,#1109);
#1112=DIRECTION('',(-1.E0,0.E0,0.E0));
#1113=VECTOR('',#1112,1.6E1);
#1114=CARTESIAN_POINT('',(9.3E1,2.5E1,-6.E0));
#1115=LINE('',#1114,#1113);
#1116=CARTESIAN_POINT('',(9.3E1,2.1E1,-6.E0));
#1117=DIRECTION('',(0.E0,0.E0,1.E0));
#1118=DIRECTION('',(1.E0,-6.306066779871E-14,0.E0));
#1119=AXIS2_PLACEMENT_3D('',#1116,#1117,#1118);
#1121=DIRECTION('',(0.E0,1.E0,0.E0));
#1122=VECTOR('',#1121,1.2E1);
#1123=CARTESIAN_POINT('',(9.7E1,9.E0,-6.E0));
#1124=LINE('',#1123,#1122);
#1125=CARTESIAN_POINT('',(8.5E1,1.5E1,-6.E0));
#1126=DIRECTION('',(0.E0,0.E0,-1.E0));
#1127=DIRECTION('',(1.E0,0.E0,0.E0));
#1128=AXIS2_PLACEMENT_3D('',#1125,#1126,#1127);
#1130=CARTESIAN_POINT('',(8.5E1,1.5E1,-6.E0));
#1131=DIRECTION('',(0.E0,0.E0,-1.E0));
#1132=DIRECTION('',(-1.E0,0.E0,0.E0));
#1133=AXIS2_PLACEMENT_3D('',#1130,#1131,#1132);
#1135=DIRECTION('',(0.E0,0.E0,1.E0));
#1136=VECTOR('',#1135,5.5E0);
#1137=CARTESIAN_POINT('',(9.3E1,5.E0,-6.E0));
#1138=LINE('',#1137,#1136);
#1139=DIRECTION('',(0.E0,0.E0,-1.E0));
#1140=VECTOR('',#1139,5.5E0);
#1141=CARTESIAN_POINT('',(9.7E1,9.E0,-5.E-1));
#1142=LINE('',#1141,#1140);
#1143=DIRECTION('',(-7.071067811866E-1,1.306316925625E-13,-7.071067811865E-1));
#1144=VECTOR('',#1143,7.071067811866E-1);
#1145=CARTESIAN_POINT('',(9.75E1,9.E0,0.E0));
#1146=LINE('',#1145,#1144);
#1147=DIRECTION('',(0.E0,-7.071067811865E-1,7.071067811865E-1));
#1148=VECTOR('',#1147,7.071067811865E-1);
#1149=CARTESIAN_POINT('',(9.3E1,5.E0,-5.E-1));
#1150=LINE('',#1149,#1148);
#1151=CARTESIAN_POINT('',(9.3E1,9.E0,-5.E-1));
#1152=DIRECTION('',(0.E0,0.E0,-1.E0));
#1153=DIRECTION('',(7.071067811865E-1,-7.071067811865E-1,0.E0));
#1154=AXIS2_PLACEMENT_3D('',#1151,#1152,#1153);
#1156=CARTESIAN_POINT('',(9.3E1,9.E0,-5.E-1));
#1157=DIRECTION('',(0.E0,0.E0,-1.E0));
#1158=DIRECTION('',(1.E0,0.E0,0.E0));
#1159=AXIS2_PLACEMENT_3D('',#1156,#1157,#1158);
#1161=DIRECTION('',(0.E0,1.E0,0.E0));
#1162=VECTOR('',#1161,1.2E1);
#1163=CARTESIAN_POINT('',(9.7E1,9.E0,-5.E-1));
#1164=LINE('',#1163,#1162);
#1165=DIRECTION('',(0.E0,1.614869854E-14,1.E0));
#1166=VECTOR('',#1165,5.5E0);
#1167=CARTESIAN_POINT('',(9.7E1,2.1E1,-6.E0));
#1168=LINE('',#1167,#1166);
#1169=DIRECTION('',(0.E0,0.E0,-1.E0));
#1170=VECTOR('',#1169,5.5E0);
#1171=CARTESIAN_POINT('',(9.3E1,2.5E1,-5.E-1));
#1172=LINE('',#1171,#1170);
#1173=DIRECTION('',(0.E0,-7.071067811865E-1,-7.071067811865E-1));
#1174=VECTOR('',#1173,7.071067811866E-1);
#1175=CARTESIAN_POINT('',(9.3E1,2.55E1,0.E0));
#1176=LINE('',#1175,#1174);
#1177=DIRECTION('',(7.071067811865E-1,5.526725454567E-14,7.071067811866E-1));
#1178=VECTOR('',#1177,7.071067811866E-1);
#1179=CARTESIAN_POINT('',(9.7E1,2.1E1,-5.E-1));
#1180=LINE('',#1179,#1178);
#1181=CARTESIAN_POINT('',(9.3E1,2.1E1,-5.E-1));
#1182=DIRECTION('',(0.E0,0.E0,-1.E0));
#1183=DIRECTION('',(7.071067811865E-1,7.071067811865E-1,0.E0));
#1184=AXIS2_PLACEMENT_3D('',#1181,#1182,#1183);
#1186=CARTESIAN_POINT('',(9.3E1,2.1E1,-5.E-1));
#1187=DIRECTION('',(0.E0,0.E0,-1.E0));
#1188=DIRECTION('',(0.E0,1.E0,0.E0));
#1189=AXIS2_PLACEMENT_3D('',#1186,#1187,#1188);
#1191=DIRECTION('',(-1.E0,0.E0,0.E0));
#1192=VECTOR('',#1191,1.6E1);
#1193=CARTESIAN_POINT('',(9.3E1,2.5E1,-5.E-1));
#1194=LINE('',#1193,#1192);
#1195=DIRECTION('',(0.E0,0.E0,1.E0));
#1196=VECTOR('',#1195,5.5E0);
#1197=CARTESIAN_POINT('',(7.7E1,2.5E1,-6.E0));
#1198=LINE('',#1197,#1196);
#1199=DIRECTION('',(0.E0,0.E0,-1.E0));
#1200=VECTOR('',#1199,5.5E0);
#1201=CARTESIAN_POINT('',(7.3E1,2.1E1,-5.E-1));
#1202=LINE('',#1201,#1200);
#1203=DIRECTION('',(7.071067811865E-1,0.E0,-7.071067811865E-1));
#1204=VECTOR('',#1203,7.071067811865E-1);
#1205=CARTESIAN_POINT('',(7.25E1,2.1E1,0.E0));
#1206=LINE('',#1205,#1204);
#1207=DIRECTION('',(0.E0,7.071067811865E-1,7.071067811866E-1));
#1208=VECTOR('',#1207,7.071067811865E-1);
#1209=CARTESIAN_POINT('',(7.7E1,2.5E1,-5.E-1));
#1210=LINE('',#1209,#1208);
#1211=CARTESIAN_POINT('',(7.7E1,2.1E1,-5.E-1));
#1212=DIRECTION('',(0.E0,0.E0,-1.E0));
#1213=DIRECTION('',(-7.071067811865E-1,7.071067811865E-1,0.E0));
#1214=AXIS2_PLACEMENT_3D('',#1211,#1212,#1213);
#1216=CARTESIAN_POINT('',(7.7E1,2.1E1,-5.E-1));
#1217=DIRECTION('',(0.E0,0.E0,-1.E0));
#1218=DIRECTION('',(-1.E0,0.E0,0.E0));
#1219=AXIS2_PLACEMENT_3D('',#1216,#1217,#1218);
#1221=DIRECTION('',(0.E0,-1.E0,0.E0));
#1222=VECTOR('',#1221,1.2E1);
#1223=CARTESIAN_POINT('',(7.3E1,2.1E1,-5.E-1));
#1224=LINE('',#1223,#1222);
#1225=DIRECTION('',(0.E0,-1.421085471520E-14,1.E0));
#1226=VECTOR('',#1225,5.5E0);
#1227=CARTESIAN_POINT('',(7.3E1,9.E0,-6.E0));
#1228=LINE('',#1227,#1226);
#1229=DIRECTION('',(0.E0,0.E0,-1.E0));
#1230=VECTOR('',#1229,5.5E0);
#1231=CARTESIAN_POINT('',(7.7E1,5.E0,-5.E-1));
#1232=LINE('',#1231,#1230);
#1233=DIRECTION('',(-4.019436694230E-14,7.071067811865E-1,-7.071067811866E-1));
#1234=VECTOR('',#1233,7.071067811865E-1);
#1235=CARTESIAN_POINT('',(7.7E1,4.5E0,0.E0));
#1236=LINE('',#1235,#1234);
#1237=DIRECTION('',(-7.071067811865E-1,5.275510661177E-14,7.071067811865E-1));
#1238=VECTOR('',#1237,7.071067811865E-1);
#1239=CARTESIAN_POINT('',(7.3E1,9.E0,-5.E-1));
#1240=LINE('',#1239,#1238);
#1241=CARTESIAN_POINT('',(7.7E1,9.E0,-5.E-1));
#1242=DIRECTION('',(0.E0,0.E0,-1.E0));
#1243=DIRECTION('',(-7.071067811865E-1,-7.071067811865E-1,0.E0));
#1244=AXIS2_PLACEMENT_3D('',#1241,#1242,#1243);
#1246=CARTESIAN_POINT('',(7.7E1,9.E0,-5.E-1));
#1247=DIRECTION('',(0.E0,0.E0,-1.E0));
#1248=DIRECTION('',(0.E0,-1.E0,0.E0));
#1249=AXIS2_PLACEMENT_3D('',#1246,#1247,#1248);
#1251=DIRECTION('',(1.E0,0.E0,0.E0));
#1252=VECTOR('',#1251,1.6E1);
#1253=CARTESIAN_POINT('',(7.7E1,5.E0,-5.E-1));
#1254=LINE('',#1253,#1252);
#1255=DIRECTION('',(0.E0,0.E0,1.E0));
#1256=VECTOR('',#1255,3.E0);
#1257=CARTESIAN_POINT('',(8.1E1,1.5E1,-9.5E0));
#1258=LINE('',#1257,#1256);
#1259=DIRECTION('',(0.E0,0.E0,-1.E0));
#1260=VECTOR('',#1259,3.E0);
#1261=CARTESIAN_POINT('',(8.9E1,1.5E1,-6.5E0));
#1262=LINE('',#1261,#1260);
#1263=CARTESIAN_POINT('',(8.5E1,1.5E1,-9.5E0));
#1264=DIRECTION('',(0.E0,0.E0,-1.E0));
#1265=DIRECTION('',(1.E0,0.E0,0.E0));
#1266=AXIS2_PLACEMENT_3D('',#1263,#1264,#1265);
#1268=DIRECTION('',(7.071067811866E-1,0.E0,7.071067811865E-1));
#1269=VECTOR('',#1268,7.071067811866E-1);
#1270=CARTESIAN_POINT('',(8.05E1,1.5E1,-1.E1));
#1271=LINE('',#1270,#1269);
#1272=DIRECTION('',(7.071067811865E-1,0.E0,-7.071067811866E-1));
#1273=VECTOR('',#1272,7.071067811866E-1);
#1274=CARTESIAN_POINT('',(8.9E1,1.5E1,-9.5E0));
#1275=LINE('',#1274,#1273);
#1276=CARTESIAN_POINT('',(4.7E1,2.55E1,0.E0));
#1277=CARTESIAN_POINT('',(6.3E1,2.55E1,0.E0));
#1278=VERTEX_POINT('',#1276);
#1279=VERTEX_POINT('',#1277);
#1280=CARTESIAN_POINT('',(6.75E1,2.1E1,0.E0));
#1281=VERTEX_POINT('',#1280);
#1282=CARTESIAN_POINT('',(6.75E1,9.E0,0.E0));
#1283=VERTEX_POINT('',#1282);
#1284=CARTESIAN_POINT('',(6.3E1,4.5E0,0.E0));
#1285=VERTEX_POINT('',#1284);
#1286=CARTESIAN_POINT('',(4.7E1,4.5E0,0.E0));
#1287=VERTEX_POINT('',#1286);
#1288=CARTESIAN_POINT('',(4.25E1,9.E0,0.E0));
#1289=VERTEX_POINT('',#1288);
#1290=CARTESIAN_POINT('',(4.25E1,2.1E1,0.E0));
#1291=VERTEX_POINT('',#1290);
#1292=CARTESIAN_POINT('',(7.7E1,2.55E1,0.E0));
#1293=CARTESIAN_POINT('',(9.3E1,2.55E1,0.E0));
#1294=VERTEX_POINT('',#1292);
#1295=VERTEX_POINT('',#1293);
#1296=CARTESIAN_POINT('',(9.75E1,2.1E1,1.509903313490E-14));
#1297=VERTEX_POINT('',#1296);
#1298=CARTESIAN_POINT('',(9.75E1,9.E0,0.E0));
#1299=VERTEX_POINT('',#1298);
#1300=CARTESIAN_POINT('',(9.3E1,4.5E0,0.E0));
#1301=VERTEX_POINT('',#1300);
#1302=CARTESIAN_POINT('',(7.7E1,4.5E0,0.E0));
#1303=VERTEX_POINT('',#1302);
#1304=CARTESIAN_POINT('',(7.25E1,9.E0,0.E0));
#1305=VERTEX_POINT('',#1304);
#1306=CARTESIAN_POINT('',(7.25E1,2.1E1,0.E0));
#1307=VERTEX_POINT('',#1306);
#1308=CARTESIAN_POINT('',(1.7E1,2.55E1,0.E0));
#1309=CARTESIAN_POINT('',(3.3E1,2.55E1,0.E0));
#1310=VERTEX_POINT('',#1308);
#1311=VERTEX_POINT('',#1309);
#1312=CARTESIAN_POINT('',(3.75E1,2.1E1,0.E0));
#1313=VERTEX_POINT('',#1312);
#1314=CARTESIAN_POINT('',(3.75E1,9.E0,0.E0));
#1315=VERTEX_POINT('',#1314);
#1316=CARTESIAN_POINT('',(3.3E1,4.5E0,0.E0));
#1317=VERTEX_POINT('',#1316);
#1318=CARTESIAN_POINT('',(1.7E1,4.5E0,0.E0));
#1319=VERTEX_POINT('',#1318);
#1320=CARTESIAN_POINT('',(1.25E1,8.999999999999E0,0.E0));
#1321=VERTEX_POINT('',#1320);
#1322=CARTESIAN_POINT('',(1.25E1,2.1E1,0.E0));
#1323=VERTEX_POINT('',#1322);
#1324=CARTESIAN_POINT('',(6.3E1,2.5E1,-5.E-1));
#1325=VERTEX_POINT('',#1324);
#1326=CARTESIAN_POINT('',(4.7E1,2.5E1,-5.E-1));
#1327=VERTEX_POINT('',#1326);
#1328=CARTESIAN_POINT('',(6.582842712475E1,2.382842712475E1,-5.E-1));
#1329=VERTEX_POINT('',#1328);
#1330=CARTESIAN_POINT('',(6.7E1,2.1E1,-5.E-1));
#1331=VERTEX_POINT('',#1330);
#1332=CARTESIAN_POINT('',(6.7E1,9.E0,-5.E-1));
#1333=VERTEX_POINT('',#1332);
#1334=CARTESIAN_POINT('',(6.582842712475E1,6.171572875254E0,-5.E-1));
#1335=VERTEX_POINT('',#1334);
#1336=CARTESIAN_POINT('',(6.3E1,5.E0,-5.E-1));
#1337=VERTEX_POINT('',#1336);
#1338=CARTESIAN_POINT('',(4.7E1,5.E0,-5.E-1));
#1339=VERTEX_POINT('',#1338);
#1340=CARTESIAN_POINT('',(4.417157287525E1,6.171572875254E0,-5.E-1));
#1341=VERTEX_POINT('',#1340);
#1342=CARTESIAN_POINT('',(4.3E1,9.E0,-5.E-1));
#1343=VERTEX_POINT('',#1342);
#1344=CARTESIAN_POINT('',(4.3E1,2.1E1,-5.E-1));
#1345=VERTEX_POINT('',#1344);
#1346=CARTESIAN_POINT('',(4.417157287525E1,2.382842712475E1,-5.E-1));
#1347=VERTEX_POINT('',#1346);
#1348=CARTESIAN_POINT('',(6.7E1,9.E0,-6.E0));
#1349=VERTEX_POINT('',#1348);
#1350=CARTESIAN_POINT('',(6.3E1,5.E0,-6.E0));
#1351=VERTEX_POINT('',#1350);
#1352=CARTESIAN_POINT('',(6.7E1,2.1E1,-6.E0));
#1353=VERTEX_POINT('',#1352);
#1354=CARTESIAN_POINT('',(6.3E1,2.5E1,-6.E0));
#1355=VERTEX_POINT('',#1354);
#1356=CARTESIAN_POINT('',(4.7E1,2.5E1,-6.E0));
#1357=VERTEX_POINT('',#1356);
#1358=CARTESIAN_POINT('',(3.3E1,2.5E1,-5.E-1));
#1359=VERTEX_POINT('',#1358);
#1360=CARTESIAN_POINT('',(1.7E1,2.5E1,-5.E-1));
#1361=VERTEX_POINT('',#1360);
#1362=CARTESIAN_POINT('',(3.582842712475E1,2.382842712475E1,-5.E-1));
#1363=VERTEX_POINT('',#1362);
#1364=CARTESIAN_POINT('',(3.7E1,2.1E1,-5.E-1));
#1365=VERTEX_POINT('',#1364);
#1366=CARTESIAN_POINT('',(3.7E1,9.E0,-5.E-1));
#1367=VERTEX_POINT('',#1366);
#1368=CARTESIAN_POINT('',(3.582842712475E1,6.171572875254E0,-5.E-1));
#1369=VERTEX_POINT('',#1368);
#1370=CARTESIAN_POINT('',(3.3E1,5.E0,-5.E-1));
#1371=VERTEX_POINT('',#1370);
#1372=CARTESIAN_POINT('',(1.7E1,5.E0,-5.E-1));
#1373=VERTEX_POINT('',#1372);
#1374=CARTESIAN_POINT('',(1.417157287525E1,6.171572875254E0,-5.E-1));
#1375=VERTEX_POINT('',#1374);
#1376=CARTESIAN_POINT('',(1.3E1,9.E0,-5.E-1));
#1377=VERTEX_POINT('',#1376);
#1378=CARTESIAN_POINT('',(1.3E1,2.1E1,-5.E-1));
#1379=VERTEX_POINT('',#1378);
#1380=CARTESIAN_POINT('',(1.417157287525E1,2.382842712475E1,-5.E-1));
#1381=VERTEX_POINT('',#1380);
#1382=CARTESIAN_POINT('',(3.7E1,9.E0,-6.E0));
#1383=VERTEX_POINT('',#1382);
#1384=CARTESIAN_POINT('',(3.3E1,5.E0,-6.E0));
#1385=VERTEX_POINT('',#1384);
#1386=CARTESIAN_POINT('',(3.7E1,2.1E1,-6.E0));
#1387=VERTEX_POINT('',#1386);
#1388=CARTESIAN_POINT('',(3.3E1,2.5E1,-6.E0));
#1389=VERTEX_POINT('',#1388);
#1390=CARTESIAN_POINT('',(1.7E1,2.5E1,-6.E0));
#1391=VERTEX_POINT('',#1390);
#1392=CARTESIAN_POINT('',(9.3E1,2.5E1,-5.E-1));
#1393=VERTEX_POINT('',#1392);
#1394=CARTESIAN_POINT('',(7.7E1,2.5E1,-5.E-1));
#1395=VERTEX_POINT('',#1394);
#1396=CARTESIAN_POINT('',(9.582842712475E1,2.382842712475E1,-5.E-1));
#1397=VERTEX_POINT('',#1396);
#1398=CARTESIAN_POINT('',(9.7E1,2.1E1,-5.E-1));
#1399=VERTEX_POINT('',#1398);
#1400=CARTESIAN_POINT('',(9.7E1,9.E0,-5.E-1));
#1401=VERTEX_POINT('',#1400);
#1402=CARTESIAN_POINT('',(9.582842712475E1,6.171572875254E0,-5.E-1));
#1403=VERTEX_POINT('',#1402);
#1404=CARTESIAN_POINT('',(9.3E1,5.E0,-5.E-1));
#1405=VERTEX_POINT('',#1404);
#1406=CARTESIAN_POINT('',(7.7E1,5.E0,-5.E-1));
#1407=VERTEX_POINT('',#1406);
#1408=CARTESIAN_POINT('',(7.417157287525E1,6.171572875254E0,-5.E-1));
#1409=VERTEX_POINT('',#1408);
#1410=CARTESIAN_POINT('',(7.3E1,9.E0,-5.E-1));
#1411=VERTEX_POINT('',#1410);
#1412=CARTESIAN_POINT('',(7.3E1,2.1E1,-5.E-1));
#1413=VERTEX_POINT('',#1412);
#1414=CARTESIAN_POINT('',(7.417157287525E1,2.382842712475E1,-5.E-1));
#1415=VERTEX_POINT('',#1414);
#1416=CARTESIAN_POINT('',(9.7E1,9.E0,-6.E0));
#1417=VERTEX_POINT('',#1416);
#1418=CARTESIAN_POINT('',(9.3E1,5.E0,-6.E0));
#1419=VERTEX_POINT('',#1418);
#1420=CARTESIAN_POINT('',(9.7E1,2.1E1,-6.E0));
#1421=VERTEX_POINT('',#1420);
#1422=CARTESIAN_POINT('',(9.3E1,2.5E1,-6.E0));
#1423=VERTEX_POINT('',#1422);
#1424=CARTESIAN_POINT('',(7.7E1,2.5E1,-6.E0));
#1425=VERTEX_POINT('',#1424);
#1426=CARTESIAN_POINT('',(7.3E1,2.1E1,-6.E0));
#1427=VERTEX_POINT('',#1426);
#1428=CARTESIAN_POINT('',(7.3E1,9.E0,-6.E0));
#1429=VERTEX_POINT('',#1428);
#1430=CARTESIAN_POINT('',(7.7E1,5.E0,-6.E0));
#1431=VERTEX_POINT('',#1430);
#1432=CARTESIAN_POINT('',(4.3E1,9.E0,-6.E0));
#1433=CARTESIAN_POINT('',(4.7E1,5.E0,-6.E0));
#1434=VERTEX_POINT('',#1432);
#1435=VERTEX_POINT('',#1433);
#1436=CARTESIAN_POINT('',(4.3E1,2.1E1,-6.E0));
#1437=VERTEX_POINT('',#1436);
#1438=CARTESIAN_POINT('',(1.3E1,8.999999999999E0,-6.E0));
#1439=CARTESIAN_POINT('',(1.7E1,5.E0,-6.E0));
#1440=VERTEX_POINT('',#1438);
#1441=VERTEX_POINT('',#1439);
#1442=CARTESIAN_POINT('',(1.3E1,2.1E1,-6.E0));
#1443=VERTEX_POINT('',#1442);
#1444=CARTESIAN_POINT('',(5.9E1,1.5E1,-9.5E0));
#1445=CARTESIAN_POINT('',(5.95E1,1.5E1,-1.E1));
#1446=VERTEX_POINT('',#1444);
#1447=VERTEX_POINT('',#1445);
#1448=CARTESIAN_POINT('',(5.05E1,1.5E1,-1.E1));
#1449=VERTEX_POINT('',#1448);
#1450=CARTESIAN_POINT('',(5.1E1,1.5E1,-9.5E0));
#1451=VERTEX_POINT('',#1450);
#1452=CARTESIAN_POINT('',(5.9E1,1.5E1,-6.5E0));
#1453=VERTEX_POINT('',#1452);
#1454=CARTESIAN_POINT('',(5.1E1,1.5E1,-6.5E0));
#1455=VERTEX_POINT('',#1454);
#1456=CARTESIAN_POINT('',(8.9E1,1.5E1,-9.5E0));
#1457=CARTESIAN_POINT('',(8.95E1,1.5E1,-1.E1));
#1458=VERTEX_POINT('',#1456);
#1459=VERTEX_POINT('',#1457);
#1460=CARTESIAN_POINT('',(8.05E1,1.5E1,-1.E1));
#1461=VERTEX_POINT('',#1460);
#1462=CARTESIAN_POINT('',(8.1E1,1.5E1,-9.5E0));
#1463=VERTEX_POINT('',#1462);
#1464=CARTESIAN_POINT('',(8.9E1,1.5E1,-6.5E0));
#1465=VERTEX_POINT('',#1464);
#1466=CARTESIAN_POINT('',(8.1E1,1.5E1,-6.5E0));
#1467=VERTEX_POINT('',#1466);
#1468=CARTESIAN_POINT('',(2.9E1,1.5E1,-9.5E0));
#1469=CARTESIAN_POINT('',(2.95E1,1.5E1,-1.E1));
#1470=VERTEX_POINT('',#1468);
#1471=VERTEX_POINT('',#1469);
#1472=CARTESIAN_POINT('',(2.05E1,1.5E1,-1.E1));
#1473=VERTEX_POINT('',#1472);
#1474=CARTESIAN_POINT('',(2.1E1,1.5E1,-9.5E0));
#1475=VERTEX_POINT('',#1474);
#1476=CARTESIAN_POINT('',(2.9E1,1.5E1,-6.5E0));
#1477=VERTEX_POINT('',#1476);
#1478=CARTESIAN_POINT('',(2.1E1,1.5E1,-6.5E0));
#1479=VERTEX_POINT('',#1478);
#1480=CARTESIAN_POINT('',(1.075175E2,3.E1,-9.2675E0));
#1481=CARTESIAN_POINT('',(1.0825E2,3.E1,-1.E1));
#1482=VERTEX_POINT('',#1480);
#1483=VERTEX_POINT('',#1481);
#1484=CARTESIAN_POINT('',(1.0175E2,3.E1,-1.E1));
#1485=VERTEX_POINT('',#1484);
#1486=CARTESIAN_POINT('',(1.024825E2,3.E1,-9.2675E0));
#1487=VERTEX_POINT('',#1486);
#1488=CARTESIAN_POINT('',(1.075175E2,3.E1,-7.325E-1));
#1489=VERTEX_POINT('',#1488);
#1490=CARTESIAN_POINT('',(1.024825E2,3.E1,-7.325E-1));
#1491=VERTEX_POINT('',#1490);
#1492=CARTESIAN_POINT('',(7.5175E0,3.E1,-9.2675E0));
#1493=CARTESIAN_POINT('',(8.25E0,3.E1,-1.E1));
#1494=VERTEX_POINT('',#1492);
#1495=VERTEX_POINT('',#1493);
#1496=CARTESIAN_POINT('',(1.75E0,3.E1,-1.E1));
#1497=VERTEX_POINT('',#1496);
#1498=CARTESIAN_POINT('',(2.4825E0,3.E1,-9.2675E0));
#1499=VERTEX_POINT('',#1498);
#1500=CARTESIAN_POINT('',(7.5175E0,3.E1,-7.325E-1));
#1501=VERTEX_POINT('',#1500);
#1502=CARTESIAN_POINT('',(2.4825E0,3.E1,-7.325E-1));
#1503=VERTEX_POINT('',#1502);
#1504=CARTESIAN_POINT('',(5.9E1,4.5E1,-9.5E0));
#1505=CARTESIAN_POINT('',(5.95E1,4.5E1,-1.E1));
#1506=VERTEX_POINT('',#1504);
#1507=VERTEX_POINT('',#1505);
#1508=CARTESIAN_POINT('',(5.05E1,4.5E1,-1.E1));
#1509=VERTEX_POINT('',#1508);
#1510=CARTESIAN_POINT('',(5.1E1,4.5E1,-9.5E0));
#1511=VERTEX_POINT('',#1510);
#1512=CARTESIAN_POINT('',(5.9E1,4.5E1,-6.5E0));
#1513=VERTEX_POINT('',#1512);
#1514=CARTESIAN_POINT('',(5.1E1,4.5E1,-6.5E0));
#1515=VERTEX_POINT('',#1514);
#1516=CARTESIAN_POINT('',(8.9E1,4.5E1,-9.5E0));
#1517=CARTESIAN_POINT('',(8.95E1,4.5E1,-1.E1));
#1518=VERTEX_POINT('',#1516);
#1519=VERTEX_POINT('',#1517);
#1520=CARTESIAN_POINT('',(8.05E1,4.5E1,-1.E1));
#1521=VERTEX_POINT('',#1520);
#1522=CARTESIAN_POINT('',(8.1E1,4.5E1,-9.5E0));
#1523=VERTEX_POINT('',#1522);
#1524=CARTESIAN_POINT('',(8.9E1,4.5E1,-6.5E0));
#1525=VERTEX_POINT('',#1524);
#1526=CARTESIAN_POINT('',(8.1E1,4.5E1,-6.5E0));
#1527=VERTEX_POINT('',#1526);
#1528=CARTESIAN_POINT('',(2.9E1,4.5E1,-9.5E0));
#1529=CARTESIAN_POINT('',(2.95E1,4.5E1,-1.E1));
#1530=VERTEX_POINT('',#1528);
#1531=VERTEX_POINT('',#1529);
#1532=CARTESIAN_POINT('',(2.05E1,4.5E1,-1.E1));
#1533=VERTEX_POINT('',#1532);
#1534=CARTESIAN_POINT('',(2.1E1,4.5E1,-9.5E0));
#1535=VERTEX_POINT('',#1534);
#1536=CARTESIAN_POINT('',(2.9E1,4.5E1,-6.5E0));
#1537=VERTEX_POINT('',#1536);
#1538=CARTESIAN_POINT('',(2.1E1,4.5E1,-6.5E0));
#1539=VERTEX_POINT('',#1538);
#1540=CARTESIAN_POINT('',(1.0825E2,3.E1,0.E0));
#1541=VERTEX_POINT('',#1540);
#1542=CARTESIAN_POINT('',(1.0175E2,3.E1,0.E0));
#1543=VERTEX_POINT('',#1542);
#1544=CARTESIAN_POINT('',(8.25E0,3.E1,0.E0));
#1545=VERTEX_POINT('',#1544);
#1546=CARTESIAN_POINT('',(1.75E0,3.E1,0.E0));
#1547=VERTEX_POINT('',#1546);
#1548=CARTESIAN_POINT('',(9.5E1,4.5E1,-5.E-1));
#1549=CARTESIAN_POINT('',(9.55E1,4.5E1,0.E0));
#1550=VERTEX_POINT('',#1548);
#1551=VERTEX_POINT('',#1549);
#1552=CARTESIAN_POINT('',(7.45E1,4.5E1,0.E0));
#1553=VERTEX_POINT('',#1552);
#1554=CARTESIAN_POINT('',(7.5E1,4.5E1,-5.E-1));
#1555=VERTEX_POINT('',#1554);
#1556=CARTESIAN_POINT('',(9.5E1,4.5E1,-6.E0));
#1557=VERTEX_POINT('',#1556);
#1558=CARTESIAN_POINT('',(7.5E1,4.5E1,-6.E0));
#1559=VERTEX_POINT('',#1558);
#1560=CARTESIAN_POINT('',(6.5E1,4.5E1,-5.E-1));
#1561=CARTESIAN_POINT('',(6.55E1,4.5E1,0.E0));
#1562=VERTEX_POINT('',#1560);
#1563=VERTEX_POINT('',#1561);
#1564=CARTESIAN_POINT('',(4.45E1,4.5E1,0.E0));
#1565=VERTEX_POINT('',#1564);
#1566=CARTESIAN_POINT('',(4.5E1,4.5E1,-5.E-1));
#1567=VERTEX_POINT('',#1566);
#1568=CARTESIAN_POINT('',(6.5E1,4.5E1,-6.E0));
#1569=VERTEX_POINT('',#1568);
#1570=CARTESIAN_POINT('',(4.5E1,4.5E1,-6.E0));
#1571=VERTEX_POINT('',#1570);
#1572=CARTESIAN_POINT('',(3.5E1,4.5E1,-5.E-1));
#1573=CARTESIAN_POINT('',(3.55E1,4.5E1,0.E0));
#1574=VERTEX_POINT('',#1572);
#1575=VERTEX_POINT('',#1573);
#1576=CARTESIAN_POINT('',(1.45E1,4.5E1,0.E0));
#1577=VERTEX_POINT('',#1576);
#1578=CARTESIAN_POINT('',(1.5E1,4.5E1,-5.E-1));
#1579=VERTEX_POINT('',#1578);
#1580=CARTESIAN_POINT('',(3.5E1,4.5E1,-6.E0));
#1581=VERTEX_POINT('',#1580);
#1582=CARTESIAN_POINT('',(1.5E1,4.5E1,-6.E0));
#1583=VERTEX_POINT('',#1582);
#1584=CARTESIAN_POINT('',(2.95E1,4.5E1,-6.E0));
#1585=VERTEX_POINT('',#1584);
#1586=CARTESIAN_POINT('',(2.05E1,4.5E1,-6.E0));
#1587=VERTEX_POINT('',#1586);
#1588=CARTESIAN_POINT('',(5.95E1,4.5E1,-6.E0));
#1589=VERTEX_POINT('',#1588);
#1590=CARTESIAN_POINT('',(5.05E1,4.5E1,-6.E0));
#1591=VERTEX_POINT('',#1590);
#1592=CARTESIAN_POINT('',(8.95E1,4.5E1,-6.E0));
#1593=VERTEX_POINT('',#1592);
#1594=CARTESIAN_POINT('',(8.05E1,4.5E1,-6.E0));
#1595=VERTEX_POINT('',#1594);
#1596=CARTESIAN_POINT('',(8.95E1,1.5E1,-6.E0));
#1597=VERTEX_POINT('',#1596);
#1598=CARTESIAN_POINT('',(8.05E1,1.5E1,-6.E0));
#1599=VERTEX_POINT('',#1598);
#1600=CARTESIAN_POINT('',(5.95E1,1.5E1,-6.E0));
#1601=VERTEX_POINT('',#1600);
#1602=CARTESIAN_POINT('',(5.05E1,1.5E1,-6.E0));
#1603=VERTEX_POINT('',#1602);
#1604=CARTESIAN_POINT('',(2.95E1,1.5E1,-6.E0));
#1605=VERTEX_POINT('',#1604);
#1606=CARTESIAN_POINT('',(2.05E1,1.5E1,-6.E0));
#1607=VERTEX_POINT('',#1606);
#1608=CARTESIAN_POINT('',(-1.510397718948E-14,6.E1,-1.E1));
#1609=CARTESIAN_POINT('',(1.1E2,6.E1,-1.E1));
#1610=VERTEX_POINT('',#1608);
#1611=VERTEX_POINT('',#1609);
#1612=CARTESIAN_POINT('',(0.E0,0.E0,-1.E1));
#1613=VERTEX_POINT('',#1612);
#1614=CARTESIAN_POINT('',(1.1E2,0.E0,-1.E1));
#1615=VERTEX_POINT('',#1614);
#1616=CARTESIAN_POINT('',(-1.510397718948E-14,6.E1,0.E0));
#1617=VERTEX_POINT('',#1616);
#1618=CARTESIAN_POINT('',(0.E0,0.E0,0.E0));
#1619=VERTEX_POINT('',#1618);
#1620=CARTESIAN_POINT('',(1.1E2,0.E0,0.E0));
#1621=VERTEX_POINT('',#1620);
#1622=CARTESIAN_POINT('',(1.1E2,6.E1,0.E0));
#1623=VERTEX_POINT('',#1622);
#1624=CARTESIAN_POINT('',(1.1E2,6.E1,0.E0));
#1625=DIRECTION('',(1.E0,0.E0,0.E0));
#1626=DIRECTION('',(0.E0,-1.E0,0.E0));
#1627=AXIS2_PLACEMENT_3D('',#1624,#1625,#1626);
#1628=PLANE('',#1627);
#1630=ORIENTED_EDGE('',*,*,#1629,.T.);
#1632=ORIENTED_EDGE('',*,*,#1631,.T.);
#1634=ORIENTED_EDGE('',*,*,#1633,.F.);
#1636=ORIENTED_EDGE('',*,*,#1635,.F.);
#1637=EDGE_LOOP('',(#1630,#1632,#1634,#1636));
#1638=FACE_OUTER_BOUND('',#1637,.F.);
#1639=ADVANCED_FACE('',(#1638),#1628,.T.);
#1640=CARTESIAN_POINT('',(5.5E1,3.E1,0.E0));
#1641=DIRECTION('',(0.E0,0.E0,1.E0));
#1642=DIRECTION('',(1.E0,0.E0,0.E0));
#1643=AXIS2_PLACEMENT_3D('',#1640,#1641,#1642);
#1644=PLANE('',#1643);
#1646=ORIENTED_EDGE('',*,*,#1645,.F.);
#1648=ORIENTED_EDGE('',*,*,#1647,.F.);
#1649=ORIENTED_EDGE('',*,*,#1629,.F.);
#1651=ORIENTED_EDGE('',*,*,#1650,.F.);
#1652=EDGE_LOOP('',(#1646,#1648,#1649,#1651));
#1653=FACE_OUTER_BOUND('',#1652,.F.);
#1655=ORIENTED_EDGE('',*,*,#1654,.F.);
#1657=ORIENTED_EDGE('',*,*,#1656,.F.);
#1658=EDGE_LOOP('',(#1655,#1657));
#1659=FACE_BOUND('',#1658,.F.);
#1661=ORIENTED_EDGE('',*,*,#1660,.F.);
#1663=ORIENTED_EDGE('',*,*,#1662,.F.);
#1665=ORIENTED_EDGE('',*,*,#1664,.F.);
#1667=ORIENTED_EDGE('',*,*,#1666,.F.);
#1669=ORIENTED_EDGE('',*,*,#1668,.F.);
#1671=ORIENTED_EDGE('',*,*,#1670,.F.);
#1673=ORIENTED_EDGE('',*,*,#1672,.F.);
#1675=ORIENTED_EDGE('',*,*,#1674,.F.);
#1676=EDGE_LOOP('',(#1661,#1663,#1665,#1667,#1669,#1671,#1673,#1675));
#1677=FACE_BOUND('',#1676,.F.);
#1679=ORIENTED_EDGE('',*,*,#1678,.F.);
#1681=ORIENTED_EDGE('',*,*,#1680,.F.);
#1682=EDGE_LOOP('',(#1679,#1681));
#1683=FACE_BOUND('',#1682,.F.);
#1685=ORIENTED_EDGE('',*,*,#1684,.F.);
#1687=ORIENTED_EDGE('',*,*,#1686,.F.);
#1688=EDGE_LOOP('',(#1685,#1687));
#1689=FACE_BOUND('',#1688,.F.);
#1691=ORIENTED_EDGE('',*,*,#1690,.F.);
#1693=ORIENTED_EDGE('',*,*,#1692,.F.);
#1695=ORIENTED_EDGE('',*,*,#1694,.F.);
#1697=ORIENTED_EDGE('',*,*,#1696,.F.);
#1699=ORIENTED_EDGE('',*,*,#1698,.F.);
#1701=ORIENTED_EDGE('',*,*,#1700,.F.);
#1703=ORIENTED_EDGE('',*,*,#1702,.F.);
#1705=ORIENTED_EDGE('',*,*,#1704,.F.);
#1706=EDGE_LOOP('',(#1691,#1693,#1695,#1697,#1699,#1701,#1703,#1705));
#1707=FACE_BOUND('',#1706,.F.);
#1709=ORIENTED_EDGE('',*,*,#1708,.F.);
#1711=ORIENTED_EDGE('',*,*,#1710,.F.);
#1713=ORIENTED_EDGE('',*,*,#1712,.F.);
#1715=ORIENTED_EDGE('',*,*,#1714,.F.);
#1717=ORIENTED_EDGE('',*,*,#1716,.F.);
#1719=ORIENTED_EDGE('',*,*,#1718,.F.);
#1721=ORIENTED_EDGE('',*,*,#1720,.F.);
#1723=ORIENTED_EDGE('',*,*,#1722,.F.);
#1724=EDGE_LOOP('',(#1709,#1711,#1713,#1715,#1717,#1719,#1721,#1723));
#1725=FACE_BOUND('',#1724,.F.);
#1727=ORIENTED_EDGE('',*,*,#1726,.F.);
#1729=ORIENTED_EDGE('',*,*,#1728,.F.);
#1730=EDGE_LOOP('',(#1727,#1729));
#1731=FACE_BOUND('',#1730,.F.);
#1733=ORIENTED_EDGE('',*,*,#1732,.F.);
#1735=ORIENTED_EDGE('',*,*,#1734,.F.);
#1736=EDGE_LOOP('',(#1733,#1735));
#1737=FACE_BOUND('',#1736,.F.);
#1738=ADVANCED_FACE('',(#1653,#1659,#1677,#1683,#1689,#1707,#1725,#1731,#1737),
#1644,.T.);
#1739=CARTESIAN_POINT('',(0.E0,0.E0,0.E0));
#1740=DIRECTION('',(-1.E0,0.E0,0.E0));
#1741=DIRECTION('',(0.E0,1.E0,0.E0));
#1742=AXIS2_PLACEMENT_3D('',#1739,#1740,#1741);
#1743=PLANE('',#1742);
#1744=ORIENTED_EDGE('',*,*,#1645,.T.);
#1746=ORIENTED_EDGE('',*,*,#1745,.T.);
#1748=ORIENTED_EDGE('',*,*,#1747,.F.);
#1750=ORIENTED_EDGE('',*,*,#1749,.F.);
#1751=EDGE_LOOP('',(#1744,#1746,#1748,#1750));
#1752=FACE_OUTER_BOUND('',#1751,.F.);
#1753=ADVANCED_FACE('',(#1752),#1743,.T.);
#1754=CARTESIAN_POINT('',(1.1E2,0.E0,0.E0));
#1755=DIRECTION('',(0.E0,-1.E0,0.E0));
#1756=DIRECTION('',(-1.E0,0.E0,0.E0));
#1757=AXIS2_PLACEMENT_3D('',#1754,#1755,#1756);
#1758=PLANE('',#1757);
#1759=ORIENTED_EDGE('',*,*,#1650,.T.);
#1760=ORIENTED_EDGE('',*,*,#1635,.T.);
#1762=ORIENTED_EDGE('',*,*,#1761,.F.);
#1763=ORIENTED_EDGE('',*,*,#1745,.F.);
#1764=EDGE_LOOP('',(#1759,#1760,#1762,#1763));
#1765=FACE_OUTER_BOUND('',#1764,.F.);
#1766=ADVANCED_FACE('',(#1765),#1758,.T.);
#1767=CARTESIAN_POINT('',(5.5E1,3.E1,-1.E1));
#1768=DIRECTION('',(0.E0,0.E0,1.E0));
#1769=DIRECTION('',(1.E0,0.E0,0.E0));
#1770=AXIS2_PLACEMENT_3D('',#1767,#1768,#1769);
#1771=PLANE('',#1770);
#1773=ORIENTED_EDGE('',*,*,#1772,.F.);
#1774=ORIENTED_EDGE('',*,*,#1747,.T.);
#1775=ORIENTED_EDGE('',*,*,#1761,.T.);
#1776=ORIENTED_EDGE('',*,*,#1633,.T.);
#1777=EDGE_LOOP('',(#1773,#1774,#1775,#1776));
#1778=FACE_OUTER_BOUND('',#1777,.F.);
#1780=ORIENTED_EDGE('',*,*,#1779,.F.);
#1782=ORIENTED_EDGE('',*,*,#1781,.F.);
#1783=EDGE_LOOP('',(#1780,#1782));
#1784=FACE_BOUND('',#1783,.F.);
#1786=ORIENTED_EDGE('',*,*,#1785,.F.);
#1788=ORIENTED_EDGE('',*,*,#1787,.F.);
#1789=EDGE_LOOP('',(#1786,#1788));
#1790=FACE_BOUND('',#1789,.F.);
#1792=ORIENTED_EDGE('',*,*,#1791,.F.);
#1794=ORIENTED_EDGE('',*,*,#1793,.F.);
#1795=EDGE_LOOP('',(#1792,#1794));
#1796=FACE_BOUND('',#1795,.F.);
#1798=ORIENTED_EDGE('',*,*,#1797,.F.);
#1800=ORIENTED_EDGE('',*,*,#1799,.F.);
#1801=EDGE_LOOP('',(#1798,#1800));
#1802=FACE_BOUND('',#1801,.F.);
#1804=ORIENTED_EDGE('',*,*,#1803,.F.);
#1806=ORIENTED_EDGE('',*,*,#1805,.F.);
#1807=EDGE_LOOP('',(#1804,#1806));
#1808=FACE_BOUND('',#1807,.F.);
#1810=ORIENTED_EDGE('',*,*,#1809,.F.);
#1812=ORIENTED_EDGE('',*,*,#1811,.F.);
#1813=EDGE_LOOP('',(#1810,#1812));
#1814=FACE_BOUND('',#1813,.F.);
#1816=ORIENTED_EDGE('',*,*,#1815,.F.);
#1818=ORIENTED_EDGE('',*,*,#1817,.F.);
#1819=EDGE_LOOP('',(#1816,#1818));
#1820=FACE_BOUND('',#1819,.F.);
#1822=ORIENTED_EDGE('',*,*,#1821,.F.);
#1824=ORIENTED_EDGE('',*,*,#1823,.F.);
#1825=EDGE_LOOP('',(#1822,#1824));
#1826=FACE_BOUND('',#1825,.F.);
#1827=ADVANCED_FACE('',(#1778,#1784,#1790,#1796,#1802,#1808,#1814,#1820,#1826),
#1771,.F.);
#1828=CARTESIAN_POINT('',(-1.776356839400E-14,6.E1,0.E0));
#1829=DIRECTION('',(0.E0,1.E0,0.E0));
#1830=DIRECTION('',(1.E0,0.E0,0.E0));
#1831=AXIS2_PLACEMENT_3D('',#1828,#1829,#1830);
#1832=PLANE('',#1831);
#1833=ORIENTED_EDGE('',*,*,#1647,.T.);
#1834=ORIENTED_EDGE('',*,*,#1749,.T.);
#1835=ORIENTED_EDGE('',*,*,#1772,.T.);
#1836=ORIENTED_EDGE('',*,*,#1631,.F.);
#1837=EDGE_LOOP('',(#1833,#1834,#1835,#1836));
#1838=FACE_OUTER_BOUND('',#1837,.F.);
#1839=ADVANCED_FACE('',(#1838),#1832,.T.);
#1840=CARTESIAN_POINT('',(5.5E1,1.5E1,-9.75E0));
#1841=DIRECTION('',(0.E0,0.E0,-1.E0));
#1842=DIRECTION('',(1.E0,0.E0,0.E0));
#1843=AXIS2_PLACEMENT_3D('',#1840,#1841,#1842);
#1844=CONICAL_SURFACE('',#1843,4.25E0,4.5E1);
#1846=ORIENTED_EDGE('',*,*,#1845,.T.);
#1848=ORIENTED_EDGE('',*,*,#1847,.T.);
#1849=ORIENTED_EDGE('',*,*,#1779,.T.);
#1851=ORIENTED_EDGE('',*,*,#1850,.T.);
#1852=EDGE_LOOP('',(#1846,#1848,#1849,#1851));
#1853=FACE_OUTER_BOUND('',#1852,.F.);
#1854=ADVANCED_FACE('',(#1853),#1844,.F.);
#1855=CARTESIAN_POINT('',(5.5E1,1.5E1,0.E0));
#1856=DIRECTION('',(0.E0,0.E0,-1.E0));
#1857=DIRECTION('',(1.E0,0.E0,0.E0));
#1858=AXIS2_PLACEMENT_3D('',#1855,#1856,#1857);
#1859=CYLINDRICAL_SURFACE('',#1858,4.E0);
#1861=ORIENTED_EDGE('',*,*,#1860,.F.);
#1863=ORIENTED_EDGE('',*,*,#1862,.T.);
#1864=ORIENTED_EDGE('',*,*,#1845,.F.);
#1866=ORIENTED_EDGE('',*,*,#1865,.T.);
#1867=EDGE_LOOP('',(#1861,#1863,#1864,#1866));
#1868=FACE_OUTER_BOUND('',#1867,.F.);
#1869=ADVANCED_FACE('',(#1868),#1859,.F.);
#1870=CARTESIAN_POINT('',(5.5E1,1.5E1,-6.25E0));
#1871=DIRECTION('',(0.E0,0.E0,1.E0));
#1872=DIRECTION('',(1.E0,0.E0,0.E0));
#1873=AXIS2_PLACEMENT_3D('',#1870,#1871,#1872);
#1874=CONICAL_SURFACE('',#1873,4.25E0,4.5E1);
#1876=ORIENTED_EDGE('',*,*,#1875,.F.);
#1877=ORIENTED_EDGE('',*,*,#1860,.T.);
#1879=ORIENTED_EDGE('',*,*,#1878,.F.);
#1881=ORIENTED_EDGE('',*,*,#1880,.T.);
#1882=EDGE_LOOP('',(#1876,#1877,#1879,#1881));
#1883=FACE_OUTER_BOUND('',#1882,.F.);
#1884=ADVANCED_FACE('',(#1883),#1874,.F.);
#1885=CARTESIAN_POINT('',(5.5E1,1.5E1,-6.25E0));
#1886=DIRECTION('',(0.E0,0.E0,1.E0));
#1887=DIRECTION('',(1.E0,0.E0,0.E0));
#1888=AXIS2_PLACEMENT_3D('',#1885,#1886,#1887);
#1889=CONICAL_SURFACE('',#1888,4.25E0,4.5E1);
#1890=ORIENTED_EDGE('',*,*,#1875,.T.);
#1892=ORIENTED_EDGE('',*,*,#1891,.T.);
#1893=ORIENTED_EDGE('',*,*,#1878,.T.);
#1895=ORIENTED_EDGE('',*,*,#1894,.T.);
#1896=EDGE_LOOP('',(#1890,#1892,#1893,#1895));
#1897=FACE_OUTER_BOUND('',#1896,.F.);
#1898=ADVANCED_FACE('',(#1897),#1889,.F.);
#1899=CARTESIAN_POINT('',(5.5E1,1.5E1,-6.E0));
#1900=DIRECTION('',(0.E0,0.E0,-1.E0));
#1901=DIRECTION('',(-1.E0,0.E0,0.E0));
#1902=AXIS2_PLACEMENT_3D('',#1899,#1900,#1901);
#1903=PLANE('',#1902);
#1905=ORIENTED_EDGE('',*,*,#1904,.F.);
#1907=ORIENTED_EDGE('',*,*,#1906,.F.);
#1909=ORIENTED_EDGE('',*,*,#1908,.F.);
#1911=ORIENTED_EDGE('',*,*,#1910,.F.);
#1913=ORIENTED_EDGE('',*,*,#1912,.F.);
#1915=ORIENTED_EDGE('',*,*,#1914,.F.);
#1917=ORIENTED_EDGE('',*,*,#1916,.F.);
#1919=ORIENTED_EDGE('',*,*,#1918,.F.);
#1920=EDGE_LOOP('',(#1905,#1907,#1909,#1911,#1913,#1915,#1917,#1919));
#1921=FACE_OUTER_BOUND('',#1920,.F.);
#1922=ORIENTED_EDGE('',*,*,#1891,.F.);
#1923=ORIENTED_EDGE('',*,*,#1880,.F.);
#1924=EDGE_LOOP('',(#1922,#1923));
#1925=FACE_BOUND('',#1924,.F.);
#1926=ADVANCED_FACE('',(#1921,#1925),#1903,.F.);
#1927=CARTESIAN_POINT('',(4.7E1,9.E0,0.E0));
#1928=DIRECTION('',(0.E0,0.E0,-1.E0));
#1929=DIRECTION('',(-7.071067811865E-1,-7.071067811865E-1,0.E0));
#1930=AXIS2_PLACEMENT_3D('',#1927,#1928,#1929);
#1931=CYLINDRICAL_SURFACE('',#1930,4.E0);
#1933=ORIENTED_EDGE('',*,*,#1932,.T.);
#1935=ORIENTED_EDGE('',*,*,#1934,.F.);
#1936=ORIENTED_EDGE('',*,*,#1904,.T.);
#1938=ORIENTED_EDGE('',*,*,#1937,.F.);
#1940=ORIENTED_EDGE('',*,*,#1939,.T.);
#1941=EDGE_LOOP('',(#1933,#1935,#1936,#1938,#1940));
#1942=FACE_OUTER_BOUND('',#1941,.F.);
#1943=ADVANCED_FACE('',(#1942),#1931,.F.);
#1944=CARTESIAN_POINT('',(4.7E1,9.E0,-2.5E-1));
#1945=DIRECTION('',(0.E0,0.E0,1.E0));
#1946=DIRECTION('',(-7.071067811865E-1,-7.071067811865E-1,0.E0));
#1947=AXIS2_PLACEMENT_3D('',#1944,#1945,#1946);
#1948=CONICAL_SURFACE('',#1947,4.25E0,4.5E1);
#1950=ORIENTED_EDGE('',*,*,#1949,.F.);
#1951=ORIENTED_EDGE('',*,*,#1666,.T.);
#1953=ORIENTED_EDGE('',*,*,#1952,.F.);
#1954=ORIENTED_EDGE('',*,*,#1932,.F.);
#1955=ORIENTED_EDGE('',*,*,#1939,.F.);
#1956=EDGE_LOOP('',(#1950,#1951,#1953,#1954,#1955));
#1957=FACE_OUTER_BOUND('',#1956,.F.);
#1958=ADVANCED_FACE('',(#1957),#1948,.F.);
#1959=CARTESIAN_POINT('',(6.1E1,4.75E0,-2.5E-1));
#1960=DIRECTION('',(0.E0,7.071067811866E-1,7.071067811865E-1));
#1961=DIRECTION('',(1.E0,0.E0,0.E0));
#1962=AXIS2_PLACEMENT_3D('',#1959,#1960,#1961);
#1963=PLANE('',#1962);
#1964=ORIENTED_EDGE('',*,*,#1949,.T.);
#1966=ORIENTED_EDGE('',*,*,#1965,.T.);
#1968=ORIENTED_EDGE('',*,*,#1967,.T.);
#1969=ORIENTED_EDGE('',*,*,#1668,.T.);
#1970=EDGE_LOOP('',(#1964,#1966,#1968,#1969));
#1971=FACE_OUTER_BOUND('',#1970,.F.);
#1972=ADVANCED_FACE('',(#1971),#1963,.T.);
#1973=CARTESIAN_POINT('',(6.7E1,5.E0,0.E0));
#1974=DIRECTION('',(0.E0,-1.E0,0.E0));
#1975=DIRECTION('',(-1.E0,0.E0,0.E0));
#1976=AXIS2_PLACEMENT_3D('',#1973,#1974,#1975);
#1977=PLANE('',#1976);
#1978=ORIENTED_EDGE('',*,*,#1965,.F.);
#1979=ORIENTED_EDGE('',*,*,#1937,.T.);
#1980=ORIENTED_EDGE('',*,*,#1918,.T.);
#1982=ORIENTED_EDGE('',*,*,#1981,.T.);
#1983=EDGE_LOOP('',(#1978,#1979,#1980,#1982));
#1984=FACE_OUTER_BOUND('',#1983,.F.);
#1985=ADVANCED_FACE('',(#1984),#1977,.F.);
#1986=CARTESIAN_POINT('',(6.3E1,9.E0,0.E0));
#1987=DIRECTION('',(0.E0,0.E0,-1.E0));
#1988=DIRECTION('',(7.071067811865E-1,-7.071067811865E-1,0.E0));
#1989=AXIS2_PLACEMENT_3D('',#1986,#1987,#1988);
#1990=CYLINDRICAL_SURFACE('',#1989,4.E0);
#1992=ORIENTED_EDGE('',*,*,#1991,.T.);
#1993=ORIENTED_EDGE('',*,*,#1981,.F.);
#1994=ORIENTED_EDGE('',*,*,#1916,.T.);
#1996=ORIENTED_EDGE('',*,*,#1995,.F.);
#1998=ORIENTED_EDGE('',*,*,#1997,.T.);
#1999=EDGE_LOOP('',(#1992,#1993,#1994,#1996,#1998));
#2000=FACE_OUTER_BOUND('',#1999,.F.);
#2001=ADVANCED_FACE('',(#2000),#1990,.F.);
#2002=CARTESIAN_POINT('',(6.3E1,9.E0,-2.5E-1));
#2003=DIRECTION('',(0.E0,0.E0,1.E0));
#2004=DIRECTION('',(7.071067811865E-1,-7.071067811865E-1,0.E0));
#2005=AXIS2_PLACEMENT_3D('',#2002,#2003,#2004);
#2006=CONICAL_SURFACE('',#2005,4.25E0,4.5E1);
#2008=ORIENTED_EDGE('',*,*,#2007,.F.);
#2009=ORIENTED_EDGE('',*,*,#1670,.T.);
#2010=ORIENTED_EDGE('',*,*,#1967,.F.);
#2011=ORIENTED_EDGE('',*,*,#1991,.F.);
#2012=ORIENTED_EDGE('',*,*,#1997,.F.);
#2013=EDGE_LOOP('',(#2008,#2009,#2010,#2011,#2012));
#2014=FACE_OUTER_BOUND('',#2013,.F.);
#2015=ADVANCED_FACE('',(#2014),#2006,.F.);
#2016=CARTESIAN_POINT('',(6.725E1,2.75E1,-2.5E-1));
#2017=DIRECTION('',(-7.071067811865E-1,0.E0,7.071067811866E-1));
#2018=DIRECTION('',(7.071067811866E-1,0.E0,7.071067811865E-1));
#2019=AXIS2_PLACEMENT_3D('',#2016,#2017,#2018);
#2020=PLANE('',#2019);
#2021=ORIENTED_EDGE('',*,*,#2007,.T.);
#2023=ORIENTED_EDGE('',*,*,#2022,.T.);
#2025=ORIENTED_EDGE('',*,*,#2024,.T.);
#2026=ORIENTED_EDGE('',*,*,#1672,.T.);
#2027=EDGE_LOOP('',(#2021,#2023,#2025,#2026));
#2028=FACE_OUTER_BOUND('',#2027,.F.);
#2029=ADVANCED_FACE('',(#2028),#2020,.T.);
#2030=CARTESIAN_POINT('',(6.7E1,2.5E1,0.E0));
#2031=DIRECTION('',(1.E0,0.E0,0.E0));
#2032=DIRECTION('',(0.E0,-1.E0,0.E0));
#2033=AXIS2_PLACEMENT_3D('',#2030,#2031,#2032);
#2034=PLANE('',#2033);
#2035=ORIENTED_EDGE('',*,*,#2022,.F.);
#2036=ORIENTED_EDGE('',*,*,#1995,.T.);
#2037=ORIENTED_EDGE('',*,*,#1914,.T.);
#2039=ORIENTED_EDGE('',*,*,#2038,.T.);
#2040=EDGE_LOOP('',(#2035,#2036,#2037,#2039));
#2041=FACE_OUTER_BOUND('',#2040,.F.);
#2042=ADVANCED_FACE('',(#2041),#2034,.F.);
#2043=CARTESIAN_POINT('',(6.3E1,2.1E1,0.E0));
#2044=DIRECTION('',(0.E0,0.E0,-1.E0));
#2045=DIRECTION('',(7.071067811865E-1,7.071067811865E-1,0.E0));
#2046=AXIS2_PLACEMENT_3D('',#2043,#2044,#2045);
#2047=CYLINDRICAL_SURFACE('',#2046,4.E0);
#2049=ORIENTED_EDGE('',*,*,#2048,.T.);
#2050=ORIENTED_EDGE('',*,*,#2038,.F.);
#2051=ORIENTED_EDGE('',*,*,#1912,.T.);
#2053=ORIENTED_EDGE('',*,*,#2052,.F.);
#2055=ORIENTED_EDGE('',*,*,#2054,.T.);
#2056=EDGE_LOOP('',(#2049,#2050,#2051,#2053,#2055));
#2057=FACE_OUTER_BOUND('',#2056,.F.);
#2058=ADVANCED_FACE('',(#2057),#2047,.F.);
#2059=CARTESIAN_POINT('',(6.3E1,2.1E1,-2.5E-1));
#2060=DIRECTION('',(0.E0,0.E0,1.E0));
#2061=DIRECTION('',(7.071067811865E-1,7.071067811865E-1,0.E0));
#2062=AXIS2_PLACEMENT_3D('',#2059,#2060,#2061);
#2063=CONICAL_SURFACE('',#2062,4.25E0,4.5E1);
#2065=ORIENTED_EDGE('',*,*,#2064,.F.);
#2066=ORIENTED_EDGE('',*,*,#1674,.T.);
#2067=ORIENTED_EDGE('',*,*,#2024,.F.);
#2068=ORIENTED_EDGE('',*,*,#2048,.F.);
#2069=ORIENTED_EDGE('',*,*,#2054,.F.);
#2070=EDGE_LOOP('',(#2065,#2066,#2067,#2068,#2069));
#2071=FACE_OUTER_BOUND('',#2070,.F.);
#2072=ADVANCED_FACE('',(#2071),#2063,.F.);
#2073=CARTESIAN_POINT('',(4.9E1,2.525E1,-2.5E-1));
#2074=DIRECTION('',(0.E0,-7.071067811866E-1,7.071067811865E-1));
#2075=DIRECTION('',(1.E0,0.E0,0.E0));
#2076=AXIS2_PLACEMENT_3D('',#2073,#2074,#2075);
#2077=PLANE('',#2076);
#2078=ORIENTED_EDGE('',*,*,#2064,.T.);
#2080=ORIENTED_EDGE('',*,*,#2079,.T.);
#2082=ORIENTED_EDGE('',*,*,#2081,.T.);
#2083=ORIENTED_EDGE('',*,*,#1660,.T.);
#2084=EDGE_LOOP('',(#2078,#2080,#2082,#2083));
#2085=FACE_OUTER_BOUND('',#2084,.F.);
#2086=ADVANCED_FACE('',(#2085),#2077,.T.);
#2087=CARTESIAN_POINT('',(4.3E1,2.5E1,0.E0));
#2088=DIRECTION('',(0.E0,1.E0,0.E0));
#2089=DIRECTION('',(1.E0,0.E0,0.E0));
#2090=AXIS2_PLACEMENT_3D('',#2087,#2088,#2089);
#2091=PLANE('',#2090);
#2092=ORIENTED_EDGE('',*,*,#2079,.F.);
#2093=ORIENTED_EDGE('',*,*,#2052,.T.);
#2094=ORIENTED_EDGE('',*,*,#1910,.T.);
#2096=ORIENTED_EDGE('',*,*,#2095,.T.);
#2097=EDGE_LOOP('',(#2092,#2093,#2094,#2096));
#2098=FACE_OUTER_BOUND('',#2097,.F.);
#2099=ADVANCED_FACE('',(#2098),#2091,.F.);
#2100=CARTESIAN_POINT('',(4.7E1,2.1E1,0.E0));
#2101=DIRECTION('',(0.E0,0.E0,-1.E0));
#2102=DIRECTION('',(-7.071067811865E-1,7.071067811865E-1,0.E0));
#2103=AXIS2_PLACEMENT_3D('',#2100,#2101,#2102);
#2104=CYLINDRICAL_SURFACE('',#2103,4.E0);
#2106=ORIENTED_EDGE('',*,*,#2105,.T.);
#2107=ORIENTED_EDGE('',*,*,#2095,.F.);
#2108=ORIENTED_EDGE('',*,*,#1908,.T.);
#2110=ORIENTED_EDGE('',*,*,#2109,.F.);
#2112=ORIENTED_EDGE('',*,*,#2111,.T.);
#2113=EDGE_LOOP('',(#2106,#2107,#2108,#2110,#2112));
#2114=FACE_OUTER_BOUND('',#2113,.F.);
#2115=ADVANCED_FACE('',(#2114),#2104,.F.);
#2116=CARTESIAN_POINT('',(4.7E1,2.1E1,-2.5E-1));
#2117=DIRECTION('',(0.E0,0.E0,1.E0));
#2118=DIRECTION('',(-7.071067811865E-1,7.071067811865E-1,0.E0));
#2119=AXIS2_PLACEMENT_3D('',#2116,#2117,#2118);
#2120=CONICAL_SURFACE('',#2119,4.25E0,4.5E1);
#2122=ORIENTED_EDGE('',*,*,#2121,.F.);
#2123=ORIENTED_EDGE('',*,*,#1662,.T.);
#2124=ORIENTED_EDGE('',*,*,#2081,.F.);
#2125=ORIENTED_EDGE('',*,*,#2105,.F.);
#2126=ORIENTED_EDGE('',*,*,#2111,.F.);
#2127=EDGE_LOOP('',(#2122,#2123,#2124,#2125,#2126));
#2128=FACE_OUTER_BOUND('',#2127,.F.);
#2129=ADVANCED_FACE('',(#2128),#2120,.F.);
#2130=CARTESIAN_POINT('',(4.275E1,1.75E1,-2.5E-1));
#2131=DIRECTION('',(7.071067811865E-1,0.E0,7.071067811865E-1));
#2132=DIRECTION('',(7.071067811865E-1,0.E0,-7.071067811865E-1));
#2133=AXIS2_PLACEMENT_3D('',#2130,#2131,#2132);
#2134=PLANE('',#2133);
#2135=ORIENTED_EDGE('',*,*,#2121,.T.);
#2137=ORIENTED_EDGE('',*,*,#2136,.T.);
#2138=ORIENTED_EDGE('',*,*,#1952,.T.);
#2139=ORIENTED_EDGE('',*,*,#1664,.T.);
#2140=EDGE_LOOP('',(#2135,#2137,#2138,#2139));
#2141=FACE_OUTER_BOUND('',#2140,.F.);
#2142=ADVANCED_FACE('',(#2141),#2134,.T.);
#2143=CARTESIAN_POINT('',(4.3E1,5.E0,0.E0));
#2144=DIRECTION('',(-1.E0,0.E0,0.E0));
#2145=DIRECTION('',(0.E0,1.E0,0.E0));
#2146=AXIS2_PLACEMENT_3D('',#2143,#2144,#2145);
#2147=PLANE('',#2146);
#2148=ORIENTED_EDGE('',*,*,#2136,.F.);
#2149=ORIENTED_EDGE('',*,*,#2109,.T.);
#2150=ORIENTED_EDGE('',*,*,#1906,.T.);
#2151=ORIENTED_EDGE('',*,*,#1934,.T.);
#2152=EDGE_LOOP('',(#2148,#2149,#2150,#2151));
#2153=FACE_OUTER_BOUND('',#2152,.F.);
#2154=ADVANCED_FACE('',(#2153),#2147,.F.);
#2155=CARTESIAN_POINT('',(5.5E1,1.5E1,0.E0));
#2156=DIRECTION('',(0.E0,0.E0,-1.E0));
#2157=DIRECTION('',(1.E0,0.E0,0.E0));
#2158=AXIS2_PLACEMENT_3D('',#2155,#2156,#2157);
#2159=CYLINDRICAL_SURFACE('',#2158,4.E0);
#2160=ORIENTED_EDGE('',*,*,#1894,.F.);
#2161=ORIENTED_EDGE('',*,*,#1865,.F.);
#2163=ORIENTED_EDGE('',*,*,#2162,.F.);
#2164=ORIENTED_EDGE('',*,*,#1862,.F.);
#2165=EDGE_LOOP('',(#2160,#2161,#2163,#2164));
#2166=FACE_OUTER_BOUND('',#2165,.F.);
#2167=ADVANCED_FACE('',(#2166),#2159,.F.);
#2168=CARTESIAN_POINT('',(5.5E1,1.5E1,-9.75E0));
#2169=DIRECTION('',(0.E0,0.E0,-1.E0));
#2170=DIRECTION('',(1.E0,0.E0,0.E0));
#2171=AXIS2_PLACEMENT_3D('',#2168,#2169,#2170);
#2172=CONICAL_SURFACE('',#2171,4.25E0,4.5E1);
#2173=ORIENTED_EDGE('',*,*,#2162,.T.);
#2174=ORIENTED_EDGE('',*,*,#1850,.F.);
#2175=ORIENTED_EDGE('',*,*,#1781,.T.);
#2176=ORIENTED_EDGE('',*,*,#1847,.F.);
#2177=EDGE_LOOP('',(#2173,#2174,#2175,#2176));
#2178=FACE_OUTER_BOUND('',#2177,.F.);
#2179=ADVANCED_FACE('',(#2178),#2172,.F.);
#2180=CARTESIAN_POINT('',(2.5E1,1.5E1,-9.75E0));
#2181=DIRECTION('',(0.E0,0.E0,-1.E0));
#2182=DIRECTION('',(1.E0,0.E0,0.E0));
#2183=AXIS2_PLACEMENT_3D('',#2180,#2181,#2182);
#2184=CONICAL_SURFACE('',#2183,4.25E0,4.5E1);
#2186=ORIENTED_EDGE('',*,*,#2185,.T.);
#2188=ORIENTED_EDGE('',*,*,#2187,.T.);
#2189=ORIENTED_EDGE('',*,*,#1785,.T.);
#2191=ORIENTED_EDGE('',*,*,#2190,.T.);
#2192=EDGE_LOOP('',(#2186,#2188,#2189,#2191));
#2193=FACE_OUTER_BOUND('',#2192,.F.);
#2194=ADVANCED_FACE('',(#2193),#2184,.F.);
#2195=CARTESIAN_POINT('',(2.5E1,1.5E1,0.E0));
#2196=DIRECTION('',(0.E0,0.E0,-1.E0));
#2197=DIRECTION('',(1.E0,0.E0,0.E0));
#2198=AXIS2_PLACEMENT_3D('',#2195,#2196,#2197);
#2199=CYLINDRICAL_SURFACE('',#2198,4.E0);
#2201=ORIENTED_EDGE('',*,*,#2200,.F.);
#2203=ORIENTED_EDGE('',*,*,#2202,.T.);
#2204=ORIENTED_EDGE('',*,*,#2185,.F.);
#2206=ORIENTED_EDGE('',*,*,#2205,.T.);
#2207=EDGE_LOOP('',(#2201,#2203,#2204,#2206));
#2208=FACE_OUTER_BOUND('',#2207,.F.);
#2209=ADVANCED_FACE('',(#2208),#2199,.F.);
#2210=CARTESIAN_POINT('',(2.5E1,1.5E1,-6.25E0));
#2211=DIRECTION('',(0.E0,0.E0,1.E0));
#2212=DIRECTION('',(1.E0,0.E0,0.E0));
#2213=AXIS2_PLACEMENT_3D('',#2210,#2211,#2212);
#2214=CONICAL_SURFACE('',#2213,4.25E0,4.5E1);
#2216=ORIENTED_EDGE('',*,*,#2215,.F.);
#2217=ORIENTED_EDGE('',*,*,#2200,.T.);
#2219=ORIENTED_EDGE('',*,*,#2218,.F.);
#2221=ORIENTED_EDGE('',*,*,#2220,.T.);
#2222=EDGE_LOOP('',(#2216,#2217,#2219,#2221));
#2223=FACE_OUTER_BOUND('',#2222,.F.);
#2224=ADVANCED_FACE('',(#2223),#2214,.F.);
#2225=CARTESIAN_POINT('',(2.5E1,1.5E1,-6.25E0));
#2226=DIRECTION('',(0.E0,0.E0,1.E0));
#2227=DIRECTION('',(1.E0,0.E0,0.E0));
#2228=AXIS2_PLACEMENT_3D('',#2225,#2226,#2227);
#2229=CONICAL_SURFACE('',#2228,4.25E0,4.5E1);
#2230=ORIENTED_EDGE('',*,*,#2215,.T.);
#2232=ORIENTED_EDGE('',*,*,#2231,.T.);
#2233=ORIENTED_EDGE('',*,*,#2218,.T.);
#2235=ORIENTED_EDGE('',*,*,#2234,.T.);
#2236=EDGE_LOOP('',(#2230,#2232,#2233,#2235));
#2237=FACE_OUTER_BOUND('',#2236,.F.);
#2238=ADVANCED_FACE('',(#2237),#2229,.F.);
#2239=CARTESIAN_POINT('',(2.5E1,1.5E1,-6.E0));
#2240=DIRECTION('',(0.E0,0.E0,-1.E0));
#2241=DIRECTION('',(-1.E0,0.E0,0.E0));
#2242=AXIS2_PLACEMENT_3D('',#2239,#2240,#2241);
#2243=PLANE('',#2242);
#2245=ORIENTED_EDGE('',*,*,#2244,.F.);
#2247=ORIENTED_EDGE('',*,*,#2246,.F.);
#2249=ORIENTED_EDGE('',*,*,#2248,.F.);
#2251=ORIENTED_EDGE('',*,*,#2250,.F.);
#2253=ORIENTED_EDGE('',*,*,#2252,.F.);
#2255=ORIENTED_EDGE('',*,*,#2254,.F.);
#2257=ORIENTED_EDGE('',*,*,#2256,.F.);
#2259=ORIENTED_EDGE('',*,*,#2258,.F.);
#2260=EDGE_LOOP('',(#2245,#2247,#2249,#2251,#2253,#2255,#2257,#2259));
#2261=FACE_OUTER_BOUND('',#2260,.F.);
#2262=ORIENTED_EDGE('',*,*,#2231,.F.);
#2263=ORIENTED_EDGE('',*,*,#2220,.F.);
#2264=EDGE_LOOP('',(#2262,#2263));
#2265=FACE_BOUND('',#2264,.F.);
#2266=ADVANCED_FACE('',(#2261,#2265),#2243,.F.);
#2267=CARTESIAN_POINT('',(1.7E1,9.E0,0.E0));
#2268=DIRECTION('',(0.E0,0.E0,-1.E0));
#2269=DIRECTION('',(-7.071067811865E-1,-7.071067811865E-1,0.E0));
#2270=AXIS2_PLACEMENT_3D('',#2267,#2268,#2269);
#2271=CYLINDRICAL_SURFACE('',#2270,4.E0);
#2273=ORIENTED_EDGE('',*,*,#2272,.T.);
#2275=ORIENTED_EDGE('',*,*,#2274,.F.);
#2276=ORIENTED_EDGE('',*,*,#2244,.T.);
#2278=ORIENTED_EDGE('',*,*,#2277,.F.);
#2280=ORIENTED_EDGE('',*,*,#2279,.T.);
#2281=EDGE_LOOP('',(#2273,#2275,#2276,#2278,#2280));
#2282=FACE_OUTER_BOUND('',#2281,.F.);
#2283=ADVANCED_FACE('',(#2282),#2271,.F.);
#2284=CARTESIAN_POINT('',(1.7E1,9.E0,-2.5E-1));
#2285=DIRECTION('',(0.E0,0.E0,1.E0));
#2286=DIRECTION('',(-7.071067811865E-1,-7.071067811865E-1,0.E0));
#2287=AXIS2_PLACEMENT_3D('',#2284,#2285,#2286);
#2288=CONICAL_SURFACE('',#2287,4.25E0,4.5E1);
#2290=ORIENTED_EDGE('',*,*,#2289,.F.);
#2291=ORIENTED_EDGE('',*,*,#1714,.T.);
#2293=ORIENTED_EDGE('',*,*,#2292,.F.);
#2294=ORIENTED_EDGE('',*,*,#2272,.F.);
#2295=ORIENTED_EDGE('',*,*,#2279,.F.);
#2296=EDGE_LOOP('',(#2290,#2291,#2293,#2294,#2295));
#2297=FACE_OUTER_BOUND('',#2296,.F.);
#2298=ADVANCED_FACE('',(#2297),#2288,.F.);
#2299=CARTESIAN_POINT('',(4.6E1,4.75E0,-2.5E-1));
#2300=DIRECTION('',(0.E0,7.071067811865E-1,7.071067811865E-1));
#2301=DIRECTION('',(1.E0,0.E0,0.E0));
#2302=AXIS2_PLACEMENT_3D('',#2299,#2300,#2301);
#2303=PLANE('',#2302);
#2304=ORIENTED_EDGE('',*,*,#2289,.T.);
#2306=ORIENTED_EDGE('',*,*,#2305,.T.);
#2308=ORIENTED_EDGE('',*,*,#2307,.T.);
#2309=ORIENTED_EDGE('',*,*,#1716,.T.);
#2310=EDGE_LOOP('',(#2304,#2306,#2308,#2309));
#2311=FACE_OUTER_BOUND('',#2310,.F.);
#2312=ADVANCED_FACE('',(#2311),#2303,.T.);
#2313=CARTESIAN_POINT('',(3.7E1,5.E0,0.E0));
#2314=DIRECTION('',(0.E0,-1.E0,0.E0));
#2315=DIRECTION('',(-1.E0,0.E0,0.E0));
#2316=AXIS2_PLACEMENT_3D('',#2313,#2314,#2315);
#2317=PLANE('',#2316);
#2318=ORIENTED_EDGE('',*,*,#2305,.F.);
#2319=ORIENTED_EDGE('',*,*,#2277,.T.);
#2320=ORIENTED_EDGE('',*,*,#2258,.T.);
#2322=ORIENTED_EDGE('',*,*,#2321,.T.);
#2323=EDGE_LOOP('',(#2318,#2319,#2320,#2322));
#2324=FACE_OUTER_BOUND('',#2323,.F.);
#2325=ADVANCED_FACE('',(#2324),#2317,.F.);
#2326=CARTESIAN_POINT('',(3.3E1,9.E0,0.E0));
#2327=DIRECTION('',(0.E0,0.E0,-1.E0));
#2328=DIRECTION('',(7.071067811865E-1,-7.071067811865E-1,0.E0));
#2329=AXIS2_PLACEMENT_3D('',#2326,#2327,#2328);
#2330=CYLINDRICAL_SURFACE('',#2329,4.E0);
#2332=ORIENTED_EDGE('',*,*,#2331,.T.);
#2333=ORIENTED_EDGE('',*,*,#2321,.F.);
#2334=ORIENTED_EDGE('',*,*,#2256,.T.);
#2336=ORIENTED_EDGE('',*,*,#2335,.F.);
#2338=ORIENTED_EDGE('',*,*,#2337,.T.);
#2339=EDGE_LOOP('',(#2332,#2333,#2334,#2336,#2338));
#2340=FACE_OUTER_BOUND('',#2339,.F.);
#2341=ADVANCED_FACE('',(#2340),#2330,.F.);
#2342=CARTESIAN_POINT('',(3.3E1,9.E0,-2.5E-1));
#2343=DIRECTION('',(0.E0,0.E0,1.E0));
#2344=DIRECTION('',(7.071067811865E-1,-7.071067811865E-1,0.E0));
#2345=AXIS2_PLACEMENT_3D('',#2342,#2343,#2344);
#2346=CONICAL_SURFACE('',#2345,4.25E0,4.5E1);
#2348=ORIENTED_EDGE('',*,*,#2347,.F.);
#2349=ORIENTED_EDGE('',*,*,#1718,.T.);
#2350=ORIENTED_EDGE('',*,*,#2307,.F.);
#2351=ORIENTED_EDGE('',*,*,#2331,.F.);
#2352=ORIENTED_EDGE('',*,*,#2337,.F.);
#2353=EDGE_LOOP('',(#2348,#2349,#2350,#2351,#2352));
#2354=FACE_OUTER_BOUND('',#2353,.F.);
#2355=ADVANCED_FACE('',(#2354),#2346,.F.);
#2356=CARTESIAN_POINT('',(3.725E1,2.75E1,-2.5E-1));
#2357=DIRECTION('',(-7.071067811865E-1,0.E0,7.071067811865E-1));
#2358=DIRECTION('',(7.071067811865E-1,0.E0,7.071067811865E-1));
#2359=AXIS2_PLACEMENT_3D('',#2356,#2357,#2358);
#2360=PLANE('',#2359);
#2361=ORIENTED_EDGE('',*,*,#2347,.T.);
#2363=ORIENTED_EDGE('',*,*,#2362,.T.);
#2365=ORIENTED_EDGE('',*,*,#2364,.T.);
#2366=ORIENTED_EDGE('',*,*,#1720,.T.);
#2367=EDGE_LOOP('',(#2361,#2363,#2365,#2366));
#2368=FACE_OUTER_BOUND('',#2367,.F.);
#2369=ADVANCED_FACE('',(#2368),#2360,.T.);
#2370=CARTESIAN_POINT('',(3.7E1,2.5E1,0.E0));
#2371=DIRECTION('',(1.E0,0.E0,0.E0));
#2372=DIRECTION('',(0.E0,-1.E0,0.E0));
#2373=AXIS2_PLACEMENT_3D('',#2370,#2371,#2372);
#2374=PLANE('',#2373);
#2375=ORIENTED_EDGE('',*,*,#2362,.F.);
#2376=ORIENTED_EDGE('',*,*,#2335,.T.);
#2377=ORIENTED_EDGE('',*,*,#2254,.T.);
#2379=ORIENTED_EDGE('',*,*,#2378,.T.);
#2380=EDGE_LOOP('',(#2375,#2376,#2377,#2379));
#2381=FACE_OUTER_BOUND('',#2380,.F.);
#2382=ADVANCED_FACE('',(#2381),#2374,.F.);
#2383=CARTESIAN_POINT('',(3.3E1,2.1E1,0.E0));
#2384=DIRECTION('',(0.E0,0.E0,-1.E0));
#2385=DIRECTION('',(7.071067811865E-1,7.071067811865E-1,0.E0));
#2386=AXIS2_PLACEMENT_3D('',#2383,#2384,#2385);
#2387=CYLINDRICAL_SURFACE('',#2386,4.E0);
#2389=ORIENTED_EDGE('',*,*,#2388,.T.);
#2390=ORIENTED_EDGE('',*,*,#2378,.F.);
#2391=ORIENTED_EDGE('',*,*,#2252,.T.);
#2393=ORIENTED_EDGE('',*,*,#2392,.F.);
#2395=ORIENTED_EDGE('',*,*,#2394,.T.);
#2396=EDGE_LOOP('',(#2389,#2390,#2391,#2393,#2395));
#2397=FACE_OUTER_BOUND('',#2396,.F.);
#2398=ADVANCED_FACE('',(#2397),#2387,.F.);
#2399=CARTESIAN_POINT('',(3.3E1,2.1E1,-2.5E-1));
#2400=DIRECTION('',(0.E0,0.E0,1.E0));
#2401=DIRECTION('',(7.071067811865E-1,7.071067811865E-1,0.E0));
#2402=AXIS2_PLACEMENT_3D('',#2399,#2400,#2401);
#2403=CONICAL_SURFACE('',#2402,4.25E0,4.5E1);
#2405=ORIENTED_EDGE('',*,*,#2404,.F.);
#2406=ORIENTED_EDGE('',*,*,#1722,.T.);
#2407=ORIENTED_EDGE('',*,*,#2364,.F.);
#2408=ORIENTED_EDGE('',*,*,#2388,.F.);
#2409=ORIENTED_EDGE('',*,*,#2394,.F.);
#2410=EDGE_LOOP('',(#2405,#2406,#2407,#2408,#2409));
#2411=FACE_OUTER_BOUND('',#2410,.F.);
#2412=ADVANCED_FACE('',(#2411),#2403,.F.);
#2413=CARTESIAN_POINT('',(3.4E1,2.525E1,-2.5E-1));
#2414=DIRECTION('',(0.E0,-7.071067811865E-1,7.071067811865E-1));
#2415=DIRECTION('',(1.E0,0.E0,0.E0));
#2416=AXIS2_PLACEMENT_3D('',#2413,#2414,#2415);
#2417=PLANE('',#2416);
#2418=ORIENTED_EDGE('',*,*,#2404,.T.);
#2420=ORIENTED_EDGE('',*,*,#2419,.T.);
#2422=ORIENTED_EDGE('',*,*,#2421,.T.);
#2423=ORIENTED_EDGE('',*,*,#1708,.T.);
#2424=EDGE_LOOP('',(#2418,#2420,#2422,#2423));
#2425=FACE_OUTER_BOUND('',#2424,.F.);
#2426=ADVANCED_FACE('',(#2425),#2417,.T.);
#2427=CARTESIAN_POINT('',(1.3E1,2.5E1,0.E0));
#2428=DIRECTION('',(0.E0,1.E0,0.E0));
#2429=DIRECTION('',(1.E0,0.E0,0.E0));
#2430=AXIS2_PLACEMENT_3D('',#2427,#2428,#2429);
#2431=PLANE('',#2430);
#2432=ORIENTED_EDGE('',*,*,#2419,.F.);
#2433=ORIENTED_EDGE('',*,*,#2392,.T.);
#2434=ORIENTED_EDGE('',*,*,#2250,.T.);
#2436=ORIENTED_EDGE('',*,*,#2435,.T.);
#2437=EDGE_LOOP('',(#2432,#2433,#2434,#2436));
#2438=FACE_OUTER_BOUND('',#2437,.F.);
#2439=ADVANCED_FACE('',(#2438),#2431,.F.);
#2440=CARTESIAN_POINT('',(1.7E1,2.1E1,0.E0));
#2441=DIRECTION('',(0.E0,0.E0,-1.E0));
#2442=DIRECTION('',(-7.071067811865E-1,7.071067811865E-1,0.E0));
#2443=AXIS2_PLACEMENT_3D('',#2440,#2441,#2442);
#2444=CYLINDRICAL_SURFACE('',#2443,4.E0);
#2446=ORIENTED_EDGE('',*,*,#2445,.T.);
#2447=ORIENTED_EDGE('',*,*,#2435,.F.);
#2448=ORIENTED_EDGE('',*,*,#2248,.T.);
#2450=ORIENTED_EDGE('',*,*,#2449,.F.);
#2452=ORIENTED_EDGE('',*,*,#2451,.T.);
#2453=EDGE_LOOP('',(#2446,#2447,#2448,#2450,#2452));
#2454=FACE_OUTER_BOUND('',#2453,.F.);
#2455=ADVANCED_FACE('',(#2454),#2444,.F.);
#2456=CARTESIAN_POINT('',(1.7E1,2.1E1,-2.5E-1));
#2457=DIRECTION('',(0.E0,0.E0,1.E0));
#2458=DIRECTION('',(-7.071067811865E-1,7.071067811865E-1,0.E0));
#2459=AXIS2_PLACEMENT_3D('',#2456,#2457,#2458);
#2460=CONICAL_SURFACE('',#2459,4.25E0,4.5E1);
#2462=ORIENTED_EDGE('',*,*,#2461,.F.);
#2463=ORIENTED_EDGE('',*,*,#1710,.T.);
#2464=ORIENTED_EDGE('',*,*,#2421,.F.);
#2465=ORIENTED_EDGE('',*,*,#2445,.F.);
#2466=ORIENTED_EDGE('',*,*,#2451,.F.);
#2467=EDGE_LOOP('',(#2462,#2463,#2464,#2465,#2466));
#2468=FACE_OUTER_BOUND('',#2467,.F.);
#2469=ADVANCED_FACE('',(#2468),#2460,.F.);
#2470=CARTESIAN_POINT('',(1.275E1,1.75E1,-2.5E-1));
#2471=DIRECTION('',(7.071067811865E-1,0.E0,7.071067811865E-1));
#2472=DIRECTION('',(7.071067811865E-1,0.E0,-7.071067811865E-1));
#2473=AXIS2_PLACEMENT_3D('',#2470,#2471,#2472);
#2474=PLANE('',#2473);
#2475=ORIENTED_EDGE('',*,*,#2461,.T.);
#2477=ORIENTED_EDGE('',*,*,#2476,.T.);
#2478=ORIENTED_EDGE('',*,*,#2292,.T.);
#2479=ORIENTED_EDGE('',*,*,#1712,.T.);
#2480=EDGE_LOOP('',(#2475,#2477,#2478,#2479));
#2481=FACE_OUTER_BOUND('',#2480,.F.);
#2482=ADVANCED_FACE('',(#2481),#2474,.T.);
#2483=CARTESIAN_POINT('',(1.3E1,5.E0,0.E0));
#2484=DIRECTION('',(-1.E0,0.E0,0.E0));
#2485=DIRECTION('',(0.E0,1.E0,0.E0));
#2486=AXIS2_PLACEMENT_3D('',#2483,#2484,#2485);
#2487=PLANE('',#2486);
#2488=ORIENTED_EDGE('',*,*,#2476,.F.);
#2489=ORIENTED_EDGE('',*,*,#2449,.T.);
#2490=ORIENTED_EDGE('',*,*,#2246,.T.);
#2491=ORIENTED_EDGE('',*,*,#2274,.T.);
#2492=EDGE_LOOP('',(#2488,#2489,#2490,#2491));
#2493=FACE_OUTER_BOUND('',#2492,.F.);
#2494=ADVANCED_FACE('',(#2493),#2487,.F.);
#2495=CARTESIAN_POINT('',(2.5E1,1.5E1,0.E0));
#2496=DIRECTION('',(0.E0,0.E0,-1.E0));
#2497=DIRECTION('',(1.E0,0.E0,0.E0));
#2498=AXIS2_PLACEMENT_3D('',#2495,#2496,#2497);
#2499=CYLINDRICAL_SURFACE('',#2498,4.E0);
#2500=ORIENTED_EDGE('',*,*,#2234,.F.);
#2501=ORIENTED_EDGE('',*,*,#2205,.F.);
#2503=ORIENTED_EDGE('',*,*,#2502,.F.);
#2504=ORIENTED_EDGE('',*,*,#2202,.F.);
#2505=EDGE_LOOP('',(#2500,#2501,#2503,#2504));
#2506=FACE_OUTER_BOUND('',#2505,.F.);
#2507=ADVANCED_FACE('',(#2506),#2499,.F.);
#2508=CARTESIAN_POINT('',(2.5E1,1.5E1,-9.75E0));
#2509=DIRECTION('',(0.E0,0.E0,-1.E0));
#2510=DIRECTION('',(1.E0,0.E0,0.E0));
#2511=AXIS2_PLACEMENT_3D('',#2508,#2509,#2510);
#2512=CONICAL_SURFACE('',#2511,4.25E0,4.5E1);
#2513=ORIENTED_EDGE('',*,*,#2502,.T.);
#2514=ORIENTED_EDGE('',*,*,#2190,.F.);
#2515=ORIENTED_EDGE('',*,*,#1787,.T.);
#2516=ORIENTED_EDGE('',*,*,#2187,.F.);
#2517=EDGE_LOOP('',(#2513,#2514,#2515,#2516));
#2518=FACE_OUTER_BOUND('',#2517,.F.);
#2519=ADVANCED_FACE('',(#2518),#2512,.F.);
#2520=CARTESIAN_POINT('',(5.E0,3.E1,-9.63375E0));
#2521=DIRECTION('',(0.E0,0.E0,-1.E0));
#2522=DIRECTION('',(1.E0,0.E0,0.E0));
#2523=AXIS2_PLACEMENT_3D('',#2520,#2521,#2522);
#2524=CONICAL_SURFACE('',#2523,2.88375E0,4.5E1);
#2526=ORIENTED_EDGE('',*,*,#2525,.T.);
#2528=ORIENTED_EDGE('',*,*,#2527,.T.);
#2529=ORIENTED_EDGE('',*,*,#1791,.T.);
#2531=ORIENTED_EDGE('',*,*,#2530,.T.);
#2532=EDGE_LOOP('',(#2526,#2528,#2529,#2531));
#2533=FACE_OUTER_BOUND('',#2532,.F.);
#2534=ADVANCED_FACE('',(#2533),#2524,.F.);
#2535=CARTESIAN_POINT('',(5.E0,3.E1,0.E0));
#2536=DIRECTION('',(0.E0,0.E0,-1.E0));
#2537=DIRECTION('',(1.E0,0.E0,0.E0));
#2538=AXIS2_PLACEMENT_3D('',#2535,#2536,#2537);
#2539=CYLINDRICAL_SURFACE('',#2538,2.5175E0);
#2541=ORIENTED_EDGE('',*,*,#2540,.F.);
#2543=ORIENTED_EDGE('',*,*,#2542,.T.);
#2544=ORIENTED_EDGE('',*,*,#2525,.F.);
#2546=ORIENTED_EDGE('',*,*,#2545,.T.);
#2547=EDGE_LOOP('',(#2541,#2543,#2544,#2546));
#2548=FACE_OUTER_BOUND('',#2547,.F.);
#2549=ADVANCED_FACE('',(#2548),#2539,.F.);
#2550=CARTESIAN_POINT('',(5.E0,3.E1,-3.6625E-1));
#2551=DIRECTION('',(0.E0,0.E0,1.E0));
#2552=DIRECTION('',(1.E0,0.E0,0.E0));
#2553=AXIS2_PLACEMENT_3D('',#2550,#2551,#2552);
#2554=CONICAL_SURFACE('',#2553,2.88375E0,4.5E1);
#2556=ORIENTED_EDGE('',*,*,#2555,.F.);
#2557=ORIENTED_EDGE('',*,*,#2540,.T.);
#2559=ORIENTED_EDGE('',*,*,#2558,.F.);
#2560=ORIENTED_EDGE('',*,*,#1656,.T.);
#2561=EDGE_LOOP('',(#2556,#2557,#2559,#2560));
#2562=FACE_OUTER_BOUND('',#2561,.F.);
#2563=ADVANCED_FACE('',(#2562),#2554,.F.);
#2564=CARTESIAN_POINT('',(5.E0,3.E1,-3.6625E-1));
#2565=DIRECTION('',(0.E0,0.E0,1.E0));
#2566=DIRECTION('',(1.E0,0.E0,0.E0));
#2567=AXIS2_PLACEMENT_3D('',#2564,#2565,#2566);
#2568=CONICAL_SURFACE('',#2567,2.88375E0,4.5E1);
#2569=ORIENTED_EDGE('',*,*,#2555,.T.);
#2570=ORIENTED_EDGE('',*,*,#1654,.T.);
#2571=ORIENTED_EDGE('',*,*,#2558,.T.);
#2573=ORIENTED_EDGE('',*,*,#2572,.T.);
#2574=EDGE_LOOP('',(#2569,#2570,#2571,#2573));
#2575=FACE_OUTER_BOUND('',#2574,.F.);
#2576=ADVANCED_FACE('',(#2575),#2568,.F.);
#2577=CARTESIAN_POINT('',(5.E0,3.E1,0.E0));
#2578=DIRECTION('',(0.E0,0.E0,-1.E0));
#2579=DIRECTION('',(1.E0,0.E0,0.E0));
#2580=AXIS2_PLACEMENT_3D('',#2577,#2578,#2579);
#2581=CYLINDRICAL_SURFACE('',#2580,2.5175E0);
#2582=ORIENTED_EDGE('',*,*,#2572,.F.);
#2583=ORIENTED_EDGE('',*,*,#2545,.F.);
#2585=ORIENTED_EDGE('',*,*,#2584,.F.);
#2586=ORIENTED_EDGE('',*,*,#2542,.F.);
#2587=EDGE_LOOP('',(#2582,#2583,#2585,#2586));
#2588=FACE_OUTER_BOUND('',#2587,.F.);
#2589=ADVANCED_FACE('',(#2588),#2581,.F.);
#2590=CARTESIAN_POINT('',(5.E0,3.E1,-9.63375E0));
#2591=DIRECTION('',(0.E0,0.E0,-1.E0));
#2592=DIRECTION('',(1.E0,0.E0,0.E0));
#2593=AXIS2_PLACEMENT_3D('',#2590,#2591,#2592);
#2594=CONICAL_SURFACE('',#2593,2.88375E0,4.5E1);
#2595=ORIENTED_EDGE('',*,*,#2584,.T.);
#2596=ORIENTED_EDGE('',*,*,#2530,.F.);
#2597=ORIENTED_EDGE('',*,*,#1793,.T.);
#2598=ORIENTED_EDGE('',*,*,#2527,.F.);
#2599=EDGE_LOOP('',(#2595,#2596,#2597,#2598));
#2600=FACE_OUTER_BOUND('',#2599,.F.);
#2601=ADVANCED_FACE('',(#2600),#2594,.F.);
#2602=CARTESIAN_POINT('',(8.5E1,4.5E1,-9.75E0));
#2603=DIRECTION('',(0.E0,0.E0,-1.E0));
#2604=DIRECTION('',(1.E0,0.E0,0.E0));
#2605=AXIS2_PLACEMENT_3D('',#2602,#2603,#2604);
#2606=CONICAL_SURFACE('',#2605,4.25E0,4.5E1);
#2608=ORIENTED_EDGE('',*,*,#2607,.T.);
#2610=ORIENTED_EDGE('',*,*,#2609,.T.);
#2611=ORIENTED_EDGE('',*,*,#1797,.T.);
#2613=ORIENTED_EDGE('',*,*,#2612,.T.);
#2614=EDGE_LOOP('',(#2608,#2610,#2611,#2613));
#2615=FACE_OUTER_BOUND('',#2614,.F.);
#2616=ADVANCED_FACE('',(#2615),#2606,.F.);
#2617=CARTESIAN_POINT('',(8.5E1,4.5E1,0.E0));
#2618=DIRECTION('',(0.E0,0.E0,-1.E0));
#2619=DIRECTION('',(1.E0,0.E0,0.E0));
#2620=AXIS2_PLACEMENT_3D('',#2617,#2618,#2619);
#2621=CYLINDRICAL_SURFACE('',#2620,4.E0);
#2623=ORIENTED_EDGE('',*,*,#2622,.F.);
#2625=ORIENTED_EDGE('',*,*,#2624,.T.);
#2626=ORIENTED_EDGE('',*,*,#2607,.F.);
#2628=ORIENTED_EDGE('',*,*,#2627,.T.);
#2629=EDGE_LOOP('',(#2623,#2625,#2626,#2628));
#2630=FACE_OUTER_BOUND('',#2629,.F.);
#2631=ADVANCED_FACE('',(#2630),#2621,.F.);
#2632=CARTESIAN_POINT('',(8.5E1,4.5E1,-6.25E0));
#2633=DIRECTION('',(0.E0,0.E0,1.E0));
#2634=DIRECTION('',(1.E0,0.E0,0.E0));
#2635=AXIS2_PLACEMENT_3D('',#2632,#2633,#2634);
#2636=CONICAL_SURFACE('',#2635,4.25E0,4.5E1);
#2638=ORIENTED_EDGE('',*,*,#2637,.F.);
#2639=ORIENTED_EDGE('',*,*,#2622,.T.);
#2641=ORIENTED_EDGE('',*,*,#2640,.F.);
#2643=ORIENTED_EDGE('',*,*,#2642,.T.);
#2644=EDGE_LOOP('',(#2638,#2639,#2641,#2643));
#2645=FACE_OUTER_BOUND('',#2644,.F.);
#2646=ADVANCED_FACE('',(#2645),#2636,.F.);
#2647=CARTESIAN_POINT('',(8.5E1,4.5E1,-6.25E0));
#2648=DIRECTION('',(0.E0,0.E0,1.E0));
#2649=DIRECTION('',(1.E0,0.E0,0.E0));
#2650=AXIS2_PLACEMENT_3D('',#2647,#2648,#2649);
#2651=CONICAL_SURFACE('',#2650,4.25E0,4.5E1);
#2652=ORIENTED_EDGE('',*,*,#2637,.T.);
#2654=ORIENTED_EDGE('',*,*,#2653,.T.);
#2655=ORIENTED_EDGE('',*,*,#2640,.T.);
#2657=ORIENTED_EDGE('',*,*,#2656,.T.);
#2658=EDGE_LOOP('',(#2652,#2654,#2655,#2657));
#2659=FACE_OUTER_BOUND('',#2658,.F.);
#2660=ADVANCED_FACE('',(#2659),#2651,.F.);
#2661=CARTESIAN_POINT('',(8.5E1,4.5E1,-6.E0));
#2662=DIRECTION('',(0.E0,0.E0,1.E0));
#2663=DIRECTION('',(1.E0,0.E0,0.E0));
#2664=AXIS2_PLACEMENT_3D('',#2661,#2662,#2663);
#2665=PLANE('',#2664);
#2667=ORIENTED_EDGE('',*,*,#2666,.F.);
#2669=ORIENTED_EDGE('',*,*,#2668,.F.);
#2670=EDGE_LOOP('',(#2667,#2669));
#2671=FACE_OUTER_BOUND('',#2670,.F.);
#2672=ORIENTED_EDGE('',*,*,#2653,.F.);
#2673=ORIENTED_EDGE('',*,*,#2642,.F.);
#2674=EDGE_LOOP('',(#2672,#2673));
#2675=FACE_BOUND('',#2674,.F.);
#2676=ADVANCED_FACE('',(#2671,#2675),#2665,.T.);
#2677=CARTESIAN_POINT('',(8.5E1,4.5E1,0.E0));
#2678=DIRECTION('',(0.E0,0.E0,-1.E0));
#2679=DIRECTION('',(1.E0,0.E0,0.E0));
#2680=AXIS2_PLACEMENT_3D('',#2677,#2678,#2679);
#2681=CYLINDRICAL_SURFACE('',#2680,1.E1);
#2683=ORIENTED_EDGE('',*,*,#2682,.T.);
#2684=ORIENTED_EDGE('',*,*,#2666,.T.);
#2686=ORIENTED_EDGE('',*,*,#2685,.T.);
#2688=ORIENTED_EDGE('',*,*,#2687,.F.);
#2689=EDGE_LOOP('',(#2683,#2684,#2686,#2688));
#2690=FACE_OUTER_BOUND('',#2689,.F.);
#2691=ADVANCED_FACE('',(#2690),#2681,.F.);
#2692=CARTESIAN_POINT('',(8.5E1,4.5E1,0.E0));
#2693=DIRECTION('',(0.E0,0.E0,-1.E0));
#2694=DIRECTION('',(1.E0,0.E0,0.E0));
#2695=AXIS2_PLACEMENT_3D('',#2692,#2693,#2694);
#2696=CYLINDRICAL_SURFACE('',#2695,1.E1);
#2697=ORIENTED_EDGE('',*,*,#2682,.F.);
#2699=ORIENTED_EDGE('',*,*,#2698,.F.);
#2700=ORIENTED_EDGE('',*,*,#2685,.F.);
#2701=ORIENTED_EDGE('',*,*,#2668,.T.);
#2702=EDGE_LOOP('',(#2697,#2699,#2700,#2701));
#2703=FACE_OUTER_BOUND('',#2702,.F.);
#2704=ADVANCED_FACE('',(#2703),#2696,.F.);
#2705=CARTESIAN_POINT('',(8.5E1,4.5E1,-2.5E-1));
#2706=DIRECTION('',(0.E0,0.E0,1.E0));
#2707=DIRECTION('',(1.E0,0.E0,0.E0));
#2708=AXIS2_PLACEMENT_3D('',#2705,#2706,#2707);
#2709=CONICAL_SURFACE('',#2708,1.025E1,4.5E1);
#2710=ORIENTED_EDGE('',*,*,#2698,.T.);
#2712=ORIENTED_EDGE('',*,*,#2711,.T.);
#2713=ORIENTED_EDGE('',*,*,#1726,.T.);
#2715=ORIENTED_EDGE('',*,*,#2714,.T.);
#2716=EDGE_LOOP('',(#2710,#2712,#2713,#2715));
#2717=FACE_OUTER_BOUND('',#2716,.F.);
#2718=ADVANCED_FACE('',(#2717),#2709,.F.);
#2719=CARTESIAN_POINT('',(8.5E1,4.5E1,-2.5E-1));
#2720=DIRECTION('',(0.E0,0.E0,1.E0));
#2721=DIRECTION('',(1.E0,0.E0,0.E0));
#2722=AXIS2_PLACEMENT_3D('',#2719,#2720,#2721);
#2723=CONICAL_SURFACE('',#2722,1.025E1,4.5E1);
#2724=ORIENTED_EDGE('',*,*,#2687,.T.);
#2725=ORIENTED_EDGE('',*,*,#2714,.F.);
#2726=ORIENTED_EDGE('',*,*,#1728,.T.);
#2727=ORIENTED_EDGE('',*,*,#2711,.F.);
#2728=EDGE_LOOP('',(#2724,#2725,#2726,#2727));
#2729=FACE_OUTER_BOUND('',#2728,.F.);
#2730=ADVANCED_FACE('',(#2729),#2723,.F.);
#2731=CARTESIAN_POINT('',(8.5E1,4.5E1,0.E0));
#2732=DIRECTION('',(0.E0,0.E0,-1.E0));
#2733=DIRECTION('',(1.E0,0.E0,0.E0));
#2734=AXIS2_PLACEMENT_3D('',#2731,#2732,#2733);
#2735=CYLINDRICAL_SURFACE('',#2734,4.E0);
#2736=ORIENTED_EDGE('',*,*,#2656,.F.);
#2737=ORIENTED_EDGE('',*,*,#2627,.F.);
#2739=ORIENTED_EDGE('',*,*,#2738,.F.);
#2740=ORIENTED_EDGE('',*,*,#2624,.F.);
#2741=EDGE_LOOP('',(#2736,#2737,#2739,#2740));
#2742=FACE_OUTER_BOUND('',#2741,.F.);
#2743=ADVANCED_FACE('',(#2742),#2735,.F.);
#2744=CARTESIAN_POINT('',(8.5E1,4.5E1,-9.75E0));
#2745=DIRECTION('',(0.E0,0.E0,-1.E0));
#2746=DIRECTION('',(1.E0,0.E0,0.E0));
#2747=AXIS2_PLACEMENT_3D('',#2744,#2745,#2746);
#2748=CONICAL_SURFACE('',#2747,4.25E0,4.5E1);
#2749=ORIENTED_EDGE('',*,*,#2738,.T.);
#2750=ORIENTED_EDGE('',*,*,#2612,.F.);
#2751=ORIENTED_EDGE('',*,*,#1799,.T.);
#2752=ORIENTED_EDGE('',*,*,#2609,.F.);
#2753=EDGE_LOOP('',(#2749,#2750,#2751,#2752));
#2754=FACE_OUTER_BOUND('',#2753,.F.);
#2755=ADVANCED_FACE('',(#2754),#2748,.F.);
#2756=CARTESIAN_POINT('',(2.5E1,4.5E1,-9.75E0));
#2757=DIRECTION('',(0.E0,0.E0,-1.E0));
#2758=DIRECTION('',(1.E0,0.E0,0.E0));
#2759=AXIS2_PLACEMENT_3D('',#2756,#2757,#2758);
#2760=CONICAL_SURFACE('',#2759,4.25E0,4.5E1);
#2762=ORIENTED_EDGE('',*,*,#2761,.T.);
#2764=ORIENTED_EDGE('',*,*,#2763,.T.);
#2765=ORIENTED_EDGE('',*,*,#1803,.T.);
#2767=ORIENTED_EDGE('',*,*,#2766,.T.);
#2768=EDGE_LOOP('',(#2762,#2764,#2765,#2767));
#2769=FACE_OUTER_BOUND('',#2768,.F.);
#2770=ADVANCED_FACE('',(#2769),#2760,.F.);
#2771=CARTESIAN_POINT('',(2.5E1,4.5E1,0.E0));
#2772=DIRECTION('',(0.E0,0.E0,-1.E0));
#2773=DIRECTION('',(1.E0,0.E0,0.E0));
#2774=AXIS2_PLACEMENT_3D('',#2771,#2772,#2773);
#2775=CYLINDRICAL_SURFACE('',#2774,4.E0);
#2777=ORIENTED_EDGE('',*,*,#2776,.F.);
#2779=ORIENTED_EDGE('',*,*,#2778,.T.);
#2780=ORIENTED_EDGE('',*,*,#2761,.F.);
#2782=ORIENTED_EDGE('',*,*,#2781,.T.);
#2783=EDGE_LOOP('',(#2777,#2779,#2780,#2782));
#2784=FACE_OUTER_BOUND('',#2783,.F.);
#2785=ADVANCED_FACE('',(#2784),#2775,.F.);
#2786=CARTESIAN_POINT('',(2.5E1,4.5E1,-6.25E0));
#2787=DIRECTION('',(0.E0,0.E0,1.E0));
#2788=DIRECTION('',(1.E0,0.E0,0.E0));
#2789=AXIS2_PLACEMENT_3D('',#2786,#2787,#2788);
#2790=CONICAL_SURFACE('',#2789,4.25E0,4.5E1);
#2792=ORIENTED_EDGE('',*,*,#2791,.F.);
#2793=ORIENTED_EDGE('',*,*,#2776,.T.);
#2795=ORIENTED_EDGE('',*,*,#2794,.F.);
#2797=ORIENTED_EDGE('',*,*,#2796,.T.);
#2798=EDGE_LOOP('',(#2792,#2793,#2795,#2797));
#2799=FACE_OUTER_BOUND('',#2798,.F.);
#2800=ADVANCED_FACE('',(#2799),#2790,.F.);
#2801=CARTESIAN_POINT('',(2.5E1,4.5E1,-6.25E0));
#2802=DIRECTION('',(0.E0,0.E0,1.E0));
#2803=DIRECTION('',(1.E0,0.E0,0.E0));
#2804=AXIS2_PLACEMENT_3D('',#2801,#2802,#2803);
#2805=CONICAL_SURFACE('',#2804,4.25E0,4.5E1);
#2806=ORIENTED_EDGE('',*,*,#2791,.T.);
#2808=ORIENTED_EDGE('',*,*,#2807,.T.);
#2809=ORIENTED_EDGE('',*,*,#2794,.T.);
#2811=ORIENTED_EDGE('',*,*,#2810,.T.);
#2812=EDGE_LOOP('',(#2806,#2808,#2809,#2811));
#2813=FACE_OUTER_BOUND('',#2812,.F.);
#2814=ADVANCED_FACE('',(#2813),#2805,.F.);
#2815=CARTESIAN_POINT('',(2.5E1,4.5E1,-6.E0));
#2816=DIRECTION('',(0.E0,0.E0,1.E0));
#2817=DIRECTION('',(1.E0,0.E0,0.E0));
#2818=AXIS2_PLACEMENT_3D('',#2815,#2816,#2817);
#2819=PLANE('',#2818);
#2821=ORIENTED_EDGE('',*,*,#2820,.F.);
#2823=ORIENTED_EDGE('',*,*,#2822,.F.);
#2824=EDGE_LOOP('',(#2821,#2823));
#2825=FACE_OUTER_BOUND('',#2824,.F.);
#2826=ORIENTED_EDGE('',*,*,#2807,.F.);
#2827=ORIENTED_EDGE('',*,*,#2796,.F.);
#2828=EDGE_LOOP('',(#2826,#2827));
#2829=FACE_BOUND('',#2828,.F.);
#2830=ADVANCED_FACE('',(#2825,#2829),#2819,.T.);
#2831=CARTESIAN_POINT('',(2.5E1,4.5E1,0.E0));
#2832=DIRECTION('',(0.E0,0.E0,-1.E0));
#2833=DIRECTION('',(1.E0,0.E0,0.E0));
#2834=AXIS2_PLACEMENT_3D('',#2831,#2832,#2833);
#2835=CYLINDRICAL_SURFACE('',#2834,1.E1);
#2837=ORIENTED_EDGE('',*,*,#2836,.T.);
#2838=ORIENTED_EDGE('',*,*,#2820,.T.);
#2840=ORIENTED_EDGE('',*,*,#2839,.T.);
#2842=ORIENTED_EDGE('',*,*,#2841,.F.);
#2843=EDGE_LOOP('',(#2837,#2838,#2840,#2842));
#2844=FACE_OUTER_BOUND('',#2843,.F.);
#2845=ADVANCED_FACE('',(#2844),#2835,.F.);
#2846=CARTESIAN_POINT('',(2.5E1,4.5E1,0.E0));
#2847=DIRECTION('',(0.E0,0.E0,-1.E0));
#2848=DIRECTION('',(1.E0,0.E0,0.E0));
#2849=AXIS2_PLACEMENT_3D('',#2846,#2847,#2848);
#2850=CYLINDRICAL_SURFACE('',#2849,1.E1);
#2851=ORIENTED_EDGE('',*,*,#2836,.F.);
#2853=ORIENTED_EDGE('',*,*,#2852,.F.);
#2854=ORIENTED_EDGE('',*,*,#2839,.F.);
#2855=ORIENTED_EDGE('',*,*,#2822,.T.);
#2856=EDGE_LOOP('',(#2851,#2853,#2854,#2855));
#2857=FACE_OUTER_BOUND('',#2856,.F.);
#2858=ADVANCED_FACE('',(#2857),#2850,.F.);
#2859=CARTESIAN_POINT('',(2.5E1,4.5E1,-2.5E-1));
#2860=DIRECTION('',(0.E0,0.E0,1.E0));
#2861=DIRECTION('',(1.E0,0.E0,0.E0));
#2862=AXIS2_PLACEMENT_3D('',#2859,#2860,#2861);
#2863=CONICAL_SURFACE('',#2862,1.025E1,4.5E1);
#2864=ORIENTED_EDGE('',*,*,#2852,.T.);
#2866=ORIENTED_EDGE('',*,*,#2865,.T.);
#2867=ORIENTED_EDGE('',*,*,#1684,.T.);
#2869=ORIENTED_EDGE('',*,*,#2868,.T.);
#2870=EDGE_LOOP('',(#2864,#2866,#2867,#2869));
#2871=FACE_OUTER_BOUND('',#2870,.F.);
#2872=ADVANCED_FACE('',(#2871),#2863,.F.);
#2873=CARTESIAN_POINT('',(2.5E1,4.5E1,-2.5E-1));
#2874=DIRECTION('',(0.E0,0.E0,1.E0));
#2875=DIRECTION('',(1.E0,0.E0,0.E0));
#2876=AXIS2_PLACEMENT_3D('',#2873,#2874,#2875);
#2877=CONICAL_SURFACE('',#2876,1.025E1,4.5E1);
#2878=ORIENTED_EDGE('',*,*,#2841,.T.);
#2879=ORIENTED_EDGE('',*,*,#2868,.F.);
#2880=ORIENTED_EDGE('',*,*,#1686,.T.);
#2881=ORIENTED_EDGE('',*,*,#2865,.F.);
#2882=EDGE_LOOP('',(#2878,#2879,#2880,#2881));
#2883=FACE_OUTER_BOUND('',#2882,.F.);
#2884=ADVANCED_FACE('',(#2883),#2877,.F.);
#2885=CARTESIAN_POINT('',(2.5E1,4.5E1,0.E0));
#2886=DIRECTION('',(0.E0,0.E0,-1.E0));
#2887=DIRECTION('',(1.E0,0.E0,0.E0));
#2888=AXIS2_PLACEMENT_3D('',#2885,#2886,#2887);
#2889=CYLINDRICAL_SURFACE('',#2888,4.E0);
#2890=ORIENTED_EDGE('',*,*,#2810,.F.);
#2891=ORIENTED_EDGE('',*,*,#2781,.F.);
#2893=ORIENTED_EDGE('',*,*,#2892,.F.);
#2894=ORIENTED_EDGE('',*,*,#2778,.F.);
#2895=EDGE_LOOP('',(#2890,#2891,#2893,#2894));
#2896=FACE_OUTER_BOUND('',#2895,.F.);
#2897=ADVANCED_FACE('',(#2896),#2889,.F.);
#2898=CARTESIAN_POINT('',(2.5E1,4.5E1,-9.75E0));
#2899=DIRECTION('',(0.E0,0.E0,-1.E0));
#2900=DIRECTION('',(1.E0,0.E0,0.E0));
#2901=AXIS2_PLACEMENT_3D('',#2898,#2899,#2900);
#2902=CONICAL_SURFACE('',#2901,4.25E0,4.5E1);
#2903=ORIENTED_EDGE('',*,*,#2892,.T.);
#2904=ORIENTED_EDGE('',*,*,#2766,.F.);
#2905=ORIENTED_EDGE('',*,*,#1805,.T.);
#2906=ORIENTED_EDGE('',*,*,#2763,.F.);
#2907=EDGE_LOOP('',(#2903,#2904,#2905,#2906));
#2908=FACE_OUTER_BOUND('',#2907,.F.);
#2909=ADVANCED_FACE('',(#2908),#2902,.F.);
#2910=CARTESIAN_POINT('',(5.5E1,4.5E1,-9.75E0));
#2911=DIRECTION('',(0.E0,0.E0,-1.E0));
#2912=DIRECTION('',(1.E0,0.E0,0.E0));
#2913=AXIS2_PLACEMENT_3D('',#2910,#2911,#2912);
#2914=CONICAL_SURFACE('',#2913,4.25E0,4.5E1);
#2916=ORIENTED_EDGE('',*,*,#2915,.T.);
#2918=ORIENTED_EDGE('',*,*,#2917,.T.);
#2919=ORIENTED_EDGE('',*,*,#1809,.T.);
#2921=ORIENTED_EDGE('',*,*,#2920,.T.);
#2922=EDGE_LOOP('',(#2916,#2918,#2919,#2921));
#2923=FACE_OUTER_BOUND('',#2922,.F.);
#2924=ADVANCED_FACE('',(#2923),#2914,.F.);
#2925=CARTESIAN_POINT('',(5.5E1,4.5E1,0.E0));
#2926=DIRECTION('',(0.E0,0.E0,-1.E0));
#2927=DIRECTION('',(1.E0,0.E0,0.E0));
#2928=AXIS2_PLACEMENT_3D('',#2925,#2926,#2927);
#2929=CYLINDRICAL_SURFACE('',#2928,4.E0);
#2931=ORIENTED_EDGE('',*,*,#2930,.F.);
#2933=ORIENTED_EDGE('',*,*,#2932,.T.);
#2934=ORIENTED_EDGE('',*,*,#2915,.F.);
#2936=ORIENTED_EDGE('',*,*,#2935,.T.);
#2937=EDGE_LOOP('',(#2931,#2933,#2934,#2936));
#2938=FACE_OUTER_BOUND('',#2937,.F.);
#2939=ADVANCED_FACE('',(#2938),#2929,.F.);
#2940=CARTESIAN_POINT('',(5.5E1,4.5E1,-6.25E0));
#2941=DIRECTION('',(0.E0,0.E0,1.E0));
#2942=DIRECTION('',(1.E0,0.E0,0.E0));
#2943=AXIS2_PLACEMENT_3D('',#2940,#2941,#2942);
#2944=CONICAL_SURFACE('',#2943,4.25E0,4.5E1);
#2946=ORIENTED_EDGE('',*,*,#2945,.F.);
#2947=ORIENTED_EDGE('',*,*,#2930,.T.);
#2949=ORIENTED_EDGE('',*,*,#2948,.F.);
#2951=ORIENTED_EDGE('',*,*,#2950,.T.);
#2952=EDGE_LOOP('',(#2946,#2947,#2949,#2951));
#2953=FACE_OUTER_BOUND('',#2952,.F.);
#2954=ADVANCED_FACE('',(#2953),#2944,.F.);
#2955=CARTESIAN_POINT('',(5.5E1,4.5E1,-6.25E0));
#2956=DIRECTION('',(0.E0,0.E0,1.E0));
#2957=DIRECTION('',(1.E0,0.E0,0.E0));
#2958=AXIS2_PLACEMENT_3D('',#2955,#2956,#2957);
#2959=CONICAL_SURFACE('',#2958,4.25E0,4.5E1);
#2960=ORIENTED_EDGE('',*,*,#2945,.T.);
#2962=ORIENTED_EDGE('',*,*,#2961,.T.);
#2963=ORIENTED_EDGE('',*,*,#2948,.T.);
#2965=ORIENTED_EDGE('',*,*,#2964,.T.);
#2966=EDGE_LOOP('',(#2960,#2962,#2963,#2965));
#2967=FACE_OUTER_BOUND('',#2966,.F.);
#2968=ADVANCED_FACE('',(#2967),#2959,.F.);
#2969=CARTESIAN_POINT('',(5.5E1,4.5E1,-6.E0));
#2970=DIRECTION('',(0.E0,0.E0,1.E0));
#2971=DIRECTION('',(1.E0,0.E0,0.E0));
#2972=AXIS2_PLACEMENT_3D('',#2969,#2970,#2971);
#2973=PLANE('',#2972);
#2975=ORIENTED_EDGE('',*,*,#2974,.F.);
#2977=ORIENTED_EDGE('',*,*,#2976,.F.);
#2978=EDGE_LOOP('',(#2975,#2977));
#2979=FACE_OUTER_BOUND('',#2978,.F.);
#2980=ORIENTED_EDGE('',*,*,#2961,.F.);
#2981=ORIENTED_EDGE('',*,*,#2950,.F.);
#2982=EDGE_LOOP('',(#2980,#2981));
#2983=FACE_BOUND('',#2982,.F.);
#2984=ADVANCED_FACE('',(#2979,#2983),#2973,.T.);
#2985=CARTESIAN_POINT('',(5.5E1,4.5E1,0.E0));
#2986=DIRECTION('',(0.E0,0.E0,-1.E0));
#2987=DIRECTION('',(1.E0,0.E0,0.E0));
#2988=AXIS2_PLACEMENT_3D('',#2985,#2986,#2987);
#2989=CYLINDRICAL_SURFACE('',#2988,1.E1);
#2991=ORIENTED_EDGE('',*,*,#2990,.T.);
#2992=ORIENTED_EDGE('',*,*,#2974,.T.);
#2994=ORIENTED_EDGE('',*,*,#2993,.T.);
#2996=ORIENTED_EDGE('',*,*,#2995,.F.);
#2997=EDGE_LOOP('',(#2991,#2992,#2994,#2996));
#2998=FACE_OUTER_BOUND('',#2997,.F.);
#2999=ADVANCED_FACE('',(#2998),#2989,.F.);
#3000=CARTESIAN_POINT('',(5.5E1,4.5E1,0.E0));
#3001=DIRECTION('',(0.E0,0.E0,-1.E0));
#3002=DIRECTION('',(1.E0,0.E0,0.E0));
#3003=AXIS2_PLACEMENT_3D('',#3000,#3001,#3002);
#3004=CYLINDRICAL_SURFACE('',#3003,1.E1);
#3005=ORIENTED_EDGE('',*,*,#2990,.F.);
#3007=ORIENTED_EDGE('',*,*,#3006,.F.);
#3008=ORIENTED_EDGE('',*,*,#2993,.F.);
#3009=ORIENTED_EDGE('',*,*,#2976,.T.);
#3010=EDGE_LOOP('',(#3005,#3007,#3008,#3009));
#3011=FACE_OUTER_BOUND('',#3010,.F.);
#3012=ADVANCED_FACE('',(#3011),#3004,.F.);
#3013=CARTESIAN_POINT('',(5.5E1,4.5E1,-2.5E-1));
#3014=DIRECTION('',(0.E0,0.E0,1.E0));
#3015=DIRECTION('',(1.E0,0.E0,0.E0));
#3016=AXIS2_PLACEMENT_3D('',#3013,#3014,#3015);
#3017=CONICAL_SURFACE('',#3016,1.025E1,4.5E1);
#3018=ORIENTED_EDGE('',*,*,#3006,.T.);
#3020=ORIENTED_EDGE('',*,*,#3019,.T.);
#3021=ORIENTED_EDGE('',*,*,#1678,.T.);
#3023=ORIENTED_EDGE('',*,*,#3022,.T.);
#3024=EDGE_LOOP('',(#3018,#3020,#3021,#3023));
#3025=FACE_OUTER_BOUND('',#3024,.F.);
#3026=ADVANCED_FACE('',(#3025),#3017,.F.);
#3027=CARTESIAN_POINT('',(5.5E1,4.5E1,-2.5E-1));
#3028=DIRECTION('',(0.E0,0.E0,1.E0));
#3029=DIRECTION('',(1.E0,0.E0,0.E0));
#3030=AXIS2_PLACEMENT_3D('',#3027,#3028,#3029);
#3031=CONICAL_SURFACE('',#3030,1.025E1,4.5E1);
#3032=ORIENTED_EDGE('',*,*,#2995,.T.);
#3033=ORIENTED_EDGE('',*,*,#3022,.F.);
#3034=ORIENTED_EDGE('',*,*,#1680,.T.);
#3035=ORIENTED_EDGE('',*,*,#3019,.F.);
#3036=EDGE_LOOP('',(#3032,#3033,#3034,#3035));
#3037=FACE_OUTER_BOUND('',#3036,.F.);
#3038=ADVANCED_FACE('',(#3037),#3031,.F.);
#3039=CARTESIAN_POINT('',(5.5E1,4.5E1,0.E0));
#3040=DIRECTION('',(0.E0,0.E0,-1.E0));
#3041=DIRECTION('',(1.E0,0.E0,0.E0));
#3042=AXIS2_PLACEMENT_3D('',#3039,#3040,#3041);
#3043=CYLINDRICAL_SURFACE('',#3042,4.E0);
#3044=ORIENTED_EDGE('',*,*,#2964,.F.);
#3045=ORIENTED_EDGE('',*,*,#2935,.F.);
#3047=ORIENTED_EDGE('',*,*,#3046,.F.);
#3048=ORIENTED_EDGE('',*,*,#2932,.F.);
#3049=EDGE_LOOP('',(#3044,#3045,#3047,#3048));
#3050=FACE_OUTER_BOUND('',#3049,.F.);
#3051=ADVANCED_FACE('',(#3050),#3043,.F.);
#3052=CARTESIAN_POINT('',(5.5E1,4.5E1,-9.75E0));
#3053=DIRECTION('',(0.E0,0.E0,-1.E0));
#3054=DIRECTION('',(1.E0,0.E0,0.E0));
#3055=AXIS2_PLACEMENT_3D('',#3052,#3053,#3054);
#3056=CONICAL_SURFACE('',#3055,4.25E0,4.5E1);
#3057=ORIENTED_EDGE('',*,*,#3046,.T.);
#3058=ORIENTED_EDGE('',*,*,#2920,.F.);
#3059=ORIENTED_EDGE('',*,*,#1811,.T.);
#3060=ORIENTED_EDGE('',*,*,#2917,.F.);
#3061=EDGE_LOOP('',(#3057,#3058,#3059,#3060));
#3062=FACE_OUTER_BOUND('',#3061,.F.);
#3063=ADVANCED_FACE('',(#3062),#3056,.F.);
#3064=CARTESIAN_POINT('',(1.05E2,3.E1,-9.63375E0));
#3065=DIRECTION('',(0.E0,0.E0,-1.E0));
#3066=DIRECTION('',(1.E0,0.E0,0.E0));
#3067=AXIS2_PLACEMENT_3D('',#3064,#3065,#3066);
#3068=CONICAL_SURFACE('',#3067,2.88375E0,4.5E1);
#3070=ORIENTED_EDGE('',*,*,#3069,.T.);
#3072=ORIENTED_EDGE('',*,*,#3071,.T.);
#3073=ORIENTED_EDGE('',*,*,#1815,.T.);
#3075=ORIENTED_EDGE('',*,*,#3074,.T.);
#3076=EDGE_LOOP('',(#3070,#3072,#3073,#3075));
#3077=FACE_OUTER_BOUND('',#3076,.F.);
#3078=ADVANCED_FACE('',(#3077),#3068,.F.);
#3079=CARTESIAN_POINT('',(1.05E2,3.E1,0.E0));
#3080=DIRECTION('',(0.E0,0.E0,-1.E0));
#3081=DIRECTION('',(1.E0,0.E0,0.E0));
#3082=AXIS2_PLACEMENT_3D('',#3079,#3080,#3081);
#3083=CYLINDRICAL_SURFACE('',#3082,2.5175E0);
#3085=ORIENTED_EDGE('',*,*,#3084,.F.);
#3087=ORIENTED_EDGE('',*,*,#3086,.T.);
#3088=ORIENTED_EDGE('',*,*,#3069,.F.);
#3090=ORIENTED_EDGE('',*,*,#3089,.T.);
#3091=EDGE_LOOP('',(#3085,#3087,#3088,#3090));
#3092=FACE_OUTER_BOUND('',#3091,.F.);
#3093=ADVANCED_FACE('',(#3092),#3083,.F.);
#3094=CARTESIAN_POINT('',(1.05E2,3.E1,-3.6625E-1));
#3095=DIRECTION('',(0.E0,0.E0,1.E0));
#3096=DIRECTION('',(1.E0,0.E0,0.E0));
#3097=AXIS2_PLACEMENT_3D('',#3094,#3095,#3096);
#3098=CONICAL_SURFACE('',#3097,2.88375E0,4.5E1);
#3100=ORIENTED_EDGE('',*,*,#3099,.F.);
#3101=ORIENTED_EDGE('',*,*,#3084,.T.);
#3103=ORIENTED_EDGE('',*,*,#3102,.F.);
#3104=ORIENTED_EDGE('',*,*,#1734,.T.);
#3105=EDGE_LOOP('',(#3100,#3101,#3103,#3104));
#3106=FACE_OUTER_BOUND('',#3105,.F.);
#3107=ADVANCED_FACE('',(#3106),#3098,.F.);
#3108=CARTESIAN_POINT('',(1.05E2,3.E1,-3.6625E-1));
#3109=DIRECTION('',(0.E0,0.E0,1.E0));
#3110=DIRECTION('',(1.E0,0.E0,0.E0));
#3111=AXIS2_PLACEMENT_3D('',#3108,#3109,#3110);
#3112=CONICAL_SURFACE('',#3111,2.88375E0,4.5E1);
#3113=ORIENTED_EDGE('',*,*,#3099,.T.);
#3114=ORIENTED_EDGE('',*,*,#1732,.T.);
#3115=ORIENTED_EDGE('',*,*,#3102,.T.);
#3117=ORIENTED_EDGE('',*,*,#3116,.T.);
#3118=EDGE_LOOP('',(#3113,#3114,#3115,#3117));
#3119=FACE_OUTER_BOUND('',#3118,.F.);
#3120=ADVANCED_FACE('',(#3119),#3112,.F.);
#3121=CARTESIAN_POINT('',(1.05E2,3.E1,0.E0));
#3122=DIRECTION('',(0.E0,0.E0,-1.E0));
#3123=DIRECTION('',(1.E0,0.E0,0.E0));
#3124=AXIS2_PLACEMENT_3D('',#3121,#3122,#3123);
#3125=CYLINDRICAL_SURFACE('',#3124,2.5175E0);
#3126=ORIENTED_EDGE('',*,*,#3116,.F.);
#3127=ORIENTED_EDGE('',*,*,#3089,.F.);
#3129=ORIENTED_EDGE('',*,*,#3128,.F.);
#3130=ORIENTED_EDGE('',*,*,#3086,.F.);
#3131=EDGE_LOOP('',(#3126,#3127,#3129,#3130));
#3132=FACE_OUTER_BOUND('',#3131,.F.);
#3133=ADVANCED_FACE('',(#3132),#3125,.F.);
#3134=CARTESIAN_POINT('',(1.05E2,3.E1,-9.63375E0));
#3135=DIRECTION('',(0.E0,0.E0,-1.E0));
#3136=DIRECTION('',(1.E0,0.E0,0.E0));
#3137=AXIS2_PLACEMENT_3D('',#3134,#3135,#3136);
#3138=CONICAL_SURFACE('',#3137,2.88375E0,4.5E1);
#3139=ORIENTED_EDGE('',*,*,#3128,.T.);
#3140=ORIENTED_EDGE('',*,*,#3074,.F.);
#3141=ORIENTED_EDGE('',*,*,#1817,.T.);
#3142=ORIENTED_EDGE('',*,*,#3071,.F.);
#3143=EDGE_LOOP('',(#3139,#3140,#3141,#3142));
#3144=FACE_OUTER_BOUND('',#3143,.F.);
#3145=ADVANCED_FACE('',(#3144),#3138,.F.);
#3146=CARTESIAN_POINT('',(8.5E1,1.5E1,-9.75E0));
#3147=DIRECTION('',(0.E0,0.E0,-1.E0));
#3148=DIRECTION('',(1.E0,0.E0,0.E0));
#3149=AXIS2_PLACEMENT_3D('',#3146,#3147,#3148);
#3150=CONICAL_SURFACE('',#3149,4.25E0,4.5E1);
#3152=ORIENTED_EDGE('',*,*,#3151,.T.);
#3154=ORIENTED_EDGE('',*,*,#3153,.T.);
#3155=ORIENTED_EDGE('',*,*,#1821,.T.);
#3157=ORIENTED_EDGE('',*,*,#3156,.T.);
#3158=EDGE_LOOP('',(#3152,#3154,#3155,#3157));
#3159=FACE_OUTER_BOUND('',#3158,.F.);
#3160=ADVANCED_FACE('',(#3159),#3150,.F.);
#3161=CARTESIAN_POINT('',(8.5E1,1.5E1,0.E0));
#3162=DIRECTION('',(0.E0,0.E0,-1.E0));
#3163=DIRECTION('',(1.E0,0.E0,0.E0));
#3164=AXIS2_PLACEMENT_3D('',#3161,#3162,#3163);
#3165=CYLINDRICAL_SURFACE('',#3164,4.E0);
#3167=ORIENTED_EDGE('',*,*,#3166,.F.);
#3169=ORIENTED_EDGE('',*,*,#3168,.T.);
#3170=ORIENTED_EDGE('',*,*,#3151,.F.);
#3172=ORIENTED_EDGE('',*,*,#3171,.T.);
#3173=EDGE_LOOP('',(#3167,#3169,#3170,#3172));
#3174=FACE_OUTER_BOUND('',#3173,.F.);
#3175=ADVANCED_FACE('',(#3174),#3165,.F.);
#3176=CARTESIAN_POINT('',(8.5E1,1.5E1,-6.25E0));
#3177=DIRECTION('',(0.E0,0.E0,1.E0));
#3178=DIRECTION('',(1.E0,0.E0,0.E0));
#3179=AXIS2_PLACEMENT_3D('',#3176,#3177,#3178);
#3180=CONICAL_SURFACE('',#3179,4.25E0,4.5E1);
#3182=ORIENTED_EDGE('',*,*,#3181,.F.);
#3183=ORIENTED_EDGE('',*,*,#3166,.T.);
#3185=ORIENTED_EDGE('',*,*,#3184,.F.);
#3187=ORIENTED_EDGE('',*,*,#3186,.T.);
#3188=EDGE_LOOP('',(#3182,#3183,#3185,#3187));
#3189=FACE_OUTER_BOUND('',#3188,.F.);
#3190=ADVANCED_FACE('',(#3189),#3180,.F.);
#3191=CARTESIAN_POINT('',(8.5E1,1.5E1,-6.25E0));
#3192=DIRECTION('',(0.E0,0.E0,1.E0));
#3193=DIRECTION('',(1.E0,0.E0,0.E0));
#3194=AXIS2_PLACEMENT_3D('',#3191,#3192,#3193);
#3195=CONICAL_SURFACE('',#3194,4.25E0,4.5E1);
#3196=ORIENTED_EDGE('',*,*,#3181,.T.);
#3198=ORIENTED_EDGE('',*,*,#3197,.T.);
#3199=ORIENTED_EDGE('',*,*,#3184,.T.);
#3201=ORIENTED_EDGE('',*,*,#3200,.T.);
#3202=EDGE_LOOP('',(#3196,#3198,#3199,#3201));
#3203=FACE_OUTER_BOUND('',#3202,.F.);
#3204=ADVANCED_FACE('',(#3203),#3195,.F.);
#3205=CARTESIAN_POINT('',(8.5E1,1.5E1,-6.E0));
#3206=DIRECTION('',(0.E0,0.E0,-1.E0));
#3207=DIRECTION('',(-1.E0,0.E0,0.E0));
#3208=AXIS2_PLACEMENT_3D('',#3205,#3206,#3207);
#3209=PLANE('',#3208);
#3211=ORIENTED_EDGE('',*,*,#3210,.F.);
#3213=ORIENTED_EDGE('',*,*,#3212,.F.);
#3215=ORIENTED_EDGE('',*,*,#3214,.F.);
#3217=ORIENTED_EDGE('',*,*,#3216,.F.);
#3219=ORIENTED_EDGE('',*,*,#3218,.F.);
#3221=ORIENTED_EDGE('',*,*,#3220,.F.);
#3223=ORIENTED_EDGE('',*,*,#3222,.F.);
#3225=ORIENTED_EDGE('',*,*,#3224,.F.);
#3226=EDGE_LOOP('',(#3211,#3213,#3215,#3217,#3219,#3221,#3223,#3225));
#3227=FACE_OUTER_BOUND('',#3226,.F.);
#3228=ORIENTED_EDGE('',*,*,#3197,.F.);
#3229=ORIENTED_EDGE('',*,*,#3186,.F.);
#3230=EDGE_LOOP('',(#3228,#3229));
#3231=FACE_BOUND('',#3230,.F.);
#3232=ADVANCED_FACE('',(#3227,#3231),#3209,.F.);
#3233=CARTESIAN_POINT('',(9.3E1,9.E0,0.E0));
#3234=DIRECTION('',(0.E0,0.E0,-1.E0));
#3235=DIRECTION('',(7.071067811865E-1,-7.071067811865E-1,0.E0));
#3236=AXIS2_PLACEMENT_3D('',#3233,#3234,#3235);
#3237=CYLINDRICAL_SURFACE('',#3236,4.E0);
#3239=ORIENTED_EDGE('',*,*,#3238,.T.);
#3241=ORIENTED_EDGE('',*,*,#3240,.F.);
#3242=ORIENTED_EDGE('',*,*,#3210,.T.);
#3244=ORIENTED_EDGE('',*,*,#3243,.F.);
#3246=ORIENTED_EDGE('',*,*,#3245,.T.);
#3247=EDGE_LOOP('',(#3239,#3241,#3242,#3244,#3246));
#3248=FACE_OUTER_BOUND('',#3247,.F.);
#3249=ADVANCED_FACE('',(#3248),#3237,.F.);
#3250=CARTESIAN_POINT('',(9.3E1,9.E0,-2.5E-1));
#3251=DIRECTION('',(0.E0,0.E0,1.E0));
#3252=DIRECTION('',(7.071067811865E-1,-7.071067811865E-1,0.E0));
#3253=AXIS2_PLACEMENT_3D('',#3250,#3251,#3252);
#3254=CONICAL_SURFACE('',#3253,4.25E0,4.5E1);
#3256=ORIENTED_EDGE('',*,*,#3255,.F.);
#3257=ORIENTED_EDGE('',*,*,#1700,.T.);
#3259=ORIENTED_EDGE('',*,*,#3258,.F.);
#3260=ORIENTED_EDGE('',*,*,#3238,.F.);
#3261=ORIENTED_EDGE('',*,*,#3245,.F.);
#3262=EDGE_LOOP('',(#3256,#3257,#3259,#3260,#3261));
#3263=FACE_OUTER_BOUND('',#3262,.F.);
#3264=ADVANCED_FACE('',(#3263),#3254,.F.);
#3265=CARTESIAN_POINT('',(9.725E1,2.75E1,-2.5E-1));
#3266=DIRECTION('',(-7.071067811865E-1,0.E0,7.071067811866E-1));
#3267=DIRECTION('',(7.071067811866E-1,0.E0,7.071067811865E-1));
#3268=AXIS2_PLACEMENT_3D('',#3265,#3266,#3267);
#3269=PLANE('',#3268);
#3270=ORIENTED_EDGE('',*,*,#3255,.T.);
#3272=ORIENTED_EDGE('',*,*,#3271,.T.);
#3274=ORIENTED_EDGE('',*,*,#3273,.T.);
#3275=ORIENTED_EDGE('',*,*,#1702,.T.);
#3276=EDGE_LOOP('',(#3270,#3272,#3274,#3275));
#3277=FACE_OUTER_BOUND('',#3276,.F.);
#3278=ADVANCED_FACE('',(#3277),#3269,.T.);
#3279=CARTESIAN_POINT('',(9.7E1,2.5E1,0.E0));
#3280=DIRECTION('',(1.E0,0.E0,0.E0));
#3281=DIRECTION('',(0.E0,-1.E0,0.E0));
#3282=AXIS2_PLACEMENT_3D('',#3279,#3280,#3281);
#3283=PLANE('',#3282);
#3284=ORIENTED_EDGE('',*,*,#3271,.F.);
#3285=ORIENTED_EDGE('',*,*,#3243,.T.);
#3286=ORIENTED_EDGE('',*,*,#3224,.T.);
#3288=ORIENTED_EDGE('',*,*,#3287,.T.);
#3289=EDGE_LOOP('',(#3284,#3285,#3286,#3288));
#3290=FACE_OUTER_BOUND('',#3289,.F.);
#3291=ADVANCED_FACE('',(#3290),#3283,.F.);
#3292=CARTESIAN_POINT('',(9.3E1,2.1E1,0.E0));
#3293=DIRECTION('',(0.E0,0.E0,-1.E0));
#3294=DIRECTION('',(7.071067811865E-1,7.071067811865E-1,0.E0));
#3295=AXIS2_PLACEMENT_3D('',#3292,#3293,#3294);
#3296=CYLINDRICAL_SURFACE('',#3295,4.E0);
#3298=ORIENTED_EDGE('',*,*,#3297,.T.);
#3299=ORIENTED_EDGE('',*,*,#3287,.F.);
#3300=ORIENTED_EDGE('',*,*,#3222,.T.);
#3302=ORIENTED_EDGE('',*,*,#3301,.F.);
#3304=ORIENTED_EDGE('',*,*,#3303,.T.);
#3305=EDGE_LOOP('',(#3298,#3299,#3300,#3302,#3304));
#3306=FACE_OUTER_BOUND('',#3305,.F.);
#3307=ADVANCED_FACE('',(#3306),#3296,.F.);
#3308=CARTESIAN_POINT('',(9.3E1,2.1E1,-2.5E-1));
#3309=DIRECTION('',(0.E0,0.E0,1.E0));
#3310=DIRECTION('',(7.071067811865E-1,7.071067811865E-1,0.E0));
#3311=AXIS2_PLACEMENT_3D('',#3308,#3309,#3310);
#3312=CONICAL_SURFACE('',#3311,4.25E0,4.5E1);
#3314=ORIENTED_EDGE('',*,*,#3313,.F.);
#3315=ORIENTED_EDGE('',*,*,#1704,.T.);
#3316=ORIENTED_EDGE('',*,*,#3273,.F.);
#3317=ORIENTED_EDGE('',*,*,#3297,.F.);
#3318=ORIENTED_EDGE('',*,*,#3303,.F.);
#3319=EDGE_LOOP('',(#3314,#3315,#3316,#3317,#3318));
#3320=FACE_OUTER_BOUND('',#3319,.F.);
#3321=ADVANCED_FACE('',(#3320),#3312,.F.);
#3322=CARTESIAN_POINT('',(6.4E1,2.525E1,-2.5E-1));
#3323=DIRECTION('',(0.E0,-7.071067811865E-1,7.071067811865E-1));
#3324=DIRECTION('',(1.E0,0.E0,0.E0));
#3325=AXIS2_PLACEMENT_3D('',#3322,#3323,#3324);
#3326=PLANE('',#3325);
#3327=ORIENTED_EDGE('',*,*,#3313,.T.);
#3329=ORIENTED_EDGE('',*,*,#3328,.T.);
#3331=ORIENTED_EDGE('',*,*,#3330,.T.);
#3332=ORIENTED_EDGE('',*,*,#1690,.T.);
#3333=EDGE_LOOP('',(#3327,#3329,#3331,#3332));
#3334=FACE_OUTER_BOUND('',#3333,.F.);
#3335=ADVANCED_FACE('',(#3334),#3326,.T.);
#3336=CARTESIAN_POINT('',(7.3E1,2.5E1,0.E0));
#3337=DIRECTION('',(0.E0,1.E0,0.E0));
#3338=DIRECTION('',(1.E0,0.E0,0.E0));
#3339=AXIS2_PLACEMENT_3D('',#3336,#3337,#3338);
#3340=PLANE('',#3339);
#3341=ORIENTED_EDGE('',*,*,#3328,.F.);
#3342=ORIENTED_EDGE('',*,*,#3301,.T.);
#3343=ORIENTED_EDGE('',*,*,#3220,.T.);
#3345=ORIENTED_EDGE('',*,*,#3344,.T.);
#3346=EDGE_LOOP('',(#3341,#3342,#3343,#3345));
#3347=FACE_OUTER_BOUND('',#3346,.F.);
#3348=ADVANCED_FACE('',(#3347),#3340,.F.);
#3349=CARTESIAN_POINT('',(7.7E1,2.1E1,0.E0));
#3350=DIRECTION('',(0.E0,0.E0,-1.E0));
#3351=DIRECTION('',(-7.071067811865E-1,7.071067811865E-1,0.E0));
#3352=AXIS2_PLACEMENT_3D('',#3349,#3350,#3351);
#3353=CYLINDRICAL_SURFACE('',#3352,4.E0);
#3355=ORIENTED_EDGE('',*,*,#3354,.T.);
#3356=ORIENTED_EDGE('',*,*,#3344,.F.);
#3357=ORIENTED_EDGE('',*,*,#3218,.T.);
#3359=ORIENTED_EDGE('',*,*,#3358,.F.);
#3361=ORIENTED_EDGE('',*,*,#3360,.T.);
#3362=EDGE_LOOP('',(#3355,#3356,#3357,#3359,#3361));
#3363=FACE_OUTER_BOUND('',#3362,.F.);
#3364=ADVANCED_FACE('',(#3363),#3353,.F.);
#3365=CARTESIAN_POINT('',(7.7E1,2.1E1,-2.5E-1));
#3366=DIRECTION('',(0.E0,0.E0,1.E0));
#3367=DIRECTION('',(-7.071067811865E-1,7.071067811865E-1,0.E0));
#3368=AXIS2_PLACEMENT_3D('',#3365,#3366,#3367);
#3369=CONICAL_SURFACE('',#3368,4.25E0,4.5E1);
#3371=ORIENTED_EDGE('',*,*,#3370,.F.);
#3372=ORIENTED_EDGE('',*,*,#1692,.T.);
#3373=ORIENTED_EDGE('',*,*,#3330,.F.);
#3374=ORIENTED_EDGE('',*,*,#3354,.F.);
#3375=ORIENTED_EDGE('',*,*,#3360,.F.);
#3376=EDGE_LOOP('',(#3371,#3372,#3373,#3374,#3375));
#3377=FACE_OUTER_BOUND('',#3376,.F.);
#3378=ADVANCED_FACE('',(#3377),#3369,.F.);
#3379=CARTESIAN_POINT('',(7.275E1,1.75E1,-2.5E-1));
#3380=DIRECTION('',(7.071067811865E-1,0.E0,7.071067811865E-1));
#3381=DIRECTION('',(7.071067811865E-1,0.E0,-7.071067811865E-1));
#3382=AXIS2_PLACEMENT_3D('',#3379,#3380,#3381);
#3383=PLANE('',#3382);
#3384=ORIENTED_EDGE('',*,*,#3370,.T.);
#3386=ORIENTED_EDGE('',*,*,#3385,.T.);
#3388=ORIENTED_EDGE('',*,*,#3387,.T.);
#3389=ORIENTED_EDGE('',*,*,#1694,.T.);
#3390=EDGE_LOOP('',(#3384,#3386,#3388,#3389));
#3391=FACE_OUTER_BOUND('',#3390,.F.);
#3392=ADVANCED_FACE('',(#3391),#3383,.T.);
#3393=CARTESIAN_POINT('',(7.3E1,5.E0,0.E0));
#3394=DIRECTION('',(-1.E0,0.E0,0.E0));
#3395=DIRECTION('',(0.E0,1.E0,0.E0));
#3396=AXIS2_PLACEMENT_3D('',#3393,#3394,#3395);
#3397=PLANE('',#3396);
#3398=ORIENTED_EDGE('',*,*,#3385,.F.);
#3399=ORIENTED_EDGE('',*,*,#3358,.T.);
#3400=ORIENTED_EDGE('',*,*,#3216,.T.);
#3402=ORIENTED_EDGE('',*,*,#3401,.T.);
#3403=EDGE_LOOP('',(#3398,#3399,#3400,#3402));
#3404=FACE_OUTER_BOUND('',#3403,.F.);
#3405=ADVANCED_FACE('',(#3404),#3397,.F.);
#3406=CARTESIAN_POINT('',(7.7E1,9.E0,0.E0));
#3407=DIRECTION('',(0.E0,0.E0,-1.E0));
#3408=DIRECTION('',(-7.071067811865E-1,-7.071067811865E-1,0.E0));
#3409=AXIS2_PLACEMENT_3D('',#3406,#3407,#3408);
#3410=CYLINDRICAL_SURFACE('',#3409,4.E0);
#3412=ORIENTED_EDGE('',*,*,#3411,.T.);
#3413=ORIENTED_EDGE('',*,*,#3401,.F.);
#3414=ORIENTED_EDGE('',*,*,#3214,.T.);
#3416=ORIENTED_EDGE('',*,*,#3415,.F.);
#3418=ORIENTED_EDGE('',*,*,#3417,.T.);
#3419=EDGE_LOOP('',(#3412,#3413,#3414,#3416,#3418));
#3420=FACE_OUTER_BOUND('',#3419,.F.);
#3421=ADVANCED_FACE('',(#3420),#3410,.F.);
#3422=CARTESIAN_POINT('',(7.7E1,9.E0,-2.5E-1));
#3423=DIRECTION('',(0.E0,0.E0,1.E0));
#3424=DIRECTION('',(-7.071067811865E-1,-7.071067811865E-1,0.E0));
#3425=AXIS2_PLACEMENT_3D('',#3422,#3423,#3424);
#3426=CONICAL_SURFACE('',#3425,4.25E0,4.5E1);
#3428=ORIENTED_EDGE('',*,*,#3427,.F.);
#3429=ORIENTED_EDGE('',*,*,#1696,.T.);
#3430=ORIENTED_EDGE('',*,*,#3387,.F.);
#3431=ORIENTED_EDGE('',*,*,#3411,.F.);
#3432=ORIENTED_EDGE('',*,*,#3417,.F.);
#3433=EDGE_LOOP('',(#3428,#3429,#3430,#3431,#3432));
#3434=FACE_OUTER_BOUND('',#3433,.F.);
#3435=ADVANCED_FACE('',(#3434),#3426,.F.);
#3436=CARTESIAN_POINT('',(7.6E1,4.75E0,-2.5E-1));
#3437=DIRECTION('',(0.E0,7.071067811865E-1,7.071067811865E-1));
#3438=DIRECTION('',(1.E0,0.E0,0.E0));
#3439=AXIS2_PLACEMENT_3D('',#3436,#3437,#3438);
#3440=PLANE('',#3439);
#3441=ORIENTED_EDGE('',*,*,#3427,.T.);
#3443=ORIENTED_EDGE('',*,*,#3442,.T.);
#3444=ORIENTED_EDGE('',*,*,#3258,.T.);
#3445=ORIENTED_EDGE('',*,*,#1698,.T.);
#3446=EDGE_LOOP('',(#3441,#3443,#3444,#3445));
#3447=FACE_OUTER_BOUND('',#3446,.F.);
#3448=ADVANCED_FACE('',(#3447),#3440,.T.);
#3449=CARTESIAN_POINT('',(9.7E1,5.E0,0.E0));
#3450=DIRECTION('',(0.E0,-1.E0,0.E0));
#3451=DIRECTION('',(-1.E0,0.E0,0.E0));
#3452=AXIS2_PLACEMENT_3D('',#3449,#3450,#3451);
#3453=PLANE('',#3452);
#3454=ORIENTED_EDGE('',*,*,#3442,.F.);
#3455=ORIENTED_EDGE('',*,*,#3415,.T.);
#3456=ORIENTED_EDGE('',*,*,#3212,.T.);
#3457=ORIENTED_EDGE('',*,*,#3240,.T.);
#3458=EDGE_LOOP('',(#3454,#3455,#3456,#3457));
#3459=FACE_OUTER_BOUND('',#3458,.F.);
#3460=ADVANCED_FACE('',(#3459),#3453,.F.);
#3461=CARTESIAN_POINT('',(8.5E1,1.5E1,0.E0));
#3462=DIRECTION('',(0.E0,0.E0,-1.E0));
#3463=DIRECTION('',(1.E0,0.E0,0.E0));
#3464=AXIS2_PLACEMENT_3D('',#3461,#3462,#3463);
#3465=CYLINDRICAL_SURFACE('',#3464,4.E0);
#3466=ORIENTED_EDGE('',*,*,#3200,.F.);
#3467=ORIENTED_EDGE('',*,*,#3171,.F.);
#3469=ORIENTED_EDGE('',*,*,#3468,.F.);
#3470=ORIENTED_EDGE('',*,*,#3168,.F.);
#3471=EDGE_LOOP('',(#3466,#3467,#3469,#3470));
#3472=FACE_OUTER_BOUND('',#3471,.F.);
#3473=ADVANCED_FACE('',(#3472),#3465,.F.);
#3474=CARTESIAN_POINT('',(8.5E1,1.5E1,-9.75E0));
#3475=DIRECTION('',(0.E0,0.E0,-1.E0));
#3476=DIRECTION('',(1.E0,0.E0,0.E0));
#3477=AXIS2_PLACEMENT_3D('',#3474,#3475,#3476);
#3478=CONICAL_SURFACE('',#3477,4.25E0,4.5E1);
#3479=ORIENTED_EDGE('',*,*,#3468,.T.);
#3480=ORIENTED_EDGE('',*,*,#3156,.F.);
#3481=ORIENTED_EDGE('',*,*,#1823,.T.);
#3482=ORIENTED_EDGE('',*,*,#3153,.F.);
#3483=EDGE_LOOP('',(#3479,#3480,#3481,#3482));
#3484=FACE_OUTER_BOUND('',#3483,.F.);
#3485=ADVANCED_FACE('',(#3484),#3478,.F.);
#3489=DIMENSIONAL_EXPONENTS(0.E0,0.E0,0.E0,0.E0,0.E0,0.E0,0.E0);
#3491=PLANE_ANGLE_MEASURE_WITH_UNIT(PLANE_ANGLE_MEASURE(1.745329251994E-2),
#3490);
#3492=(CONVERSION_BASED_UNIT('DEGREE',#3491)NAMED_UNIT(*)PLANE_ANGLE_UNIT());
#3494=UNCERTAINTY_MEASURE_WITH_UNIT(LENGTH_MEASURE(1.256930229777E-2),#3488,
'closure',
'Maximum model space distance between geometric entities at asserted connectivities');
#3495=(GEOMETRIC_REPRESENTATION_CONTEXT(3)GLOBAL_UNCERTAINTY_ASSIGNED_CONTEXT((
#3494))GLOBAL_UNIT_ASSIGNED_CONTEXT((#3488,#3492,#3493))REPRESENTATION_CONTEXT(
'ID1','3'));
#3497=APPLICATION_CONTEXT(
'CONFIGURATION CONTROLLED 3D DESIGNS OF MECHANICAL PARTS AND ASSEMBLIES');
#3498=APPLICATION_PROTOCOL_DEFINITION('international standard',
'config_control_design',1994,#3497);
#3499=DESIGN_CONTEXT('',#3497,'design');
#3500=MECHANICAL_CONTEXT('',#3497,'mechanical');
#3501=PRODUCT('PART_TRAY','PART_TRAY','NOT SPECIFIED',(#3500));
#3502=PRODUCT_DEFINITION_FORMATION_WITH_SPECIFIED_SOURCE('1','LAST_VERSION',
#3501,.MADE.);
#3506=PRODUCT_CATEGORY('part','');
#3507=PRODUCT_RELATED_PRODUCT_CATEGORY('detail','',(#3501));
#3508=PRODUCT_CATEGORY_RELATIONSHIP('','',#3506,#3507);
#3509=SECURITY_CLASSIFICATION_LEVEL('unclassified');
#3510=SECURITY_CLASSIFICATION('','',#3509);
#3511=CC_DESIGN_SECURITY_CLASSIFICATION(#3510,(#3502));
#3512=APPROVAL_STATUS('approved');
#3513=APPROVAL(#3512,'');
#3514=CC_DESIGN_APPROVAL(#3513,(#3510,#3502,#3503));
#3515=CALENDAR_DATE(125,7,11);
#3516=COORDINATED_UNIVERSAL_TIME_OFFSET(8,0,.AHEAD.);
#3517=LOCAL_TIME(20,20,7.E0,#3516);
#3518=DATE_AND_TIME(#3515,#3517);
#3519=APPROVAL_DATE_TIME(#3518,#3513);
#3520=DATE_TIME_ROLE('creation_date');
#3521=CC_DESIGN_DATE_AND_TIME_ASSIGNMENT(#3518,#3520,(#3503));
#3522=DATE_TIME_ROLE('classification_date');
#3523=CC_DESIGN_DATE_AND_TIME_ASSIGNMENT(#3518,#3522,(#3510));
#3524=PERSON('UNSPECIFIED','UNSPECIFIED',$,$,$,$);
#3525=ORGANIZATION('UNSPECIFIED','UNSPECIFIED','UNSPECIFIED');
#3526=PERSON_AND_ORGANIZATION(#3524,#3525);
#3527=APPROVAL_ROLE('approver');
#3528=APPROVAL_PERSON_ORGANIZATION(#3526,#3513,#3527);
#3529=PERSON_AND_ORGANIZATION_ROLE('creator');
#3530=CC_DESIGN_PERSON_AND_ORGANIZATION_ASSIGNMENT(#3526,#3529,(#3502,#3503));
#3531=PERSON_AND_ORGANIZATION_ROLE('design_supplier');
#3532=CC_DESIGN_PERSON_AND_ORGANIZATION_ASSIGNMENT(#3526,#3531,(#3502));
#3533=PERSON_AND_ORGANIZATION_ROLE('classification_officer');
#3534=CC_DESIGN_PERSON_AND_ORGANIZATION_ASSIGNMENT(#3526,#3533,(#3510));
#3535=PERSON_AND_ORGANIZATION_ROLE('design_owner');
#3536=CC_DESIGN_PERSON_AND_ORGANIZATION_ASSIGNMENT(#3526,#3535,(#3501));
#14=CIRCLE('',#13,3.25E0);
#19=CIRCLE('',#18,3.25E0);
#28=CIRCLE('',#27,4.5E0);
#37=CIRCLE('',#36,4.5E0);
#46=CIRCLE('',#45,4.5E0);
#55=CIRCLE('',#54,4.5E0);
#60=CIRCLE('',#59,1.05E1);
#65=CIRCLE('',#64,1.05E1);
#70=CIRCLE('',#69,1.05E1);
#75=CIRCLE('',#74,1.05E1);
#84=CIRCLE('',#83,4.5E0);
#93=CIRCLE('',#92,4.5E0);
#102=CIRCLE('',#101,4.5E0);
#111=CIRCLE('',#110,4.5E0);
#120=CIRCLE('',#119,4.5E0);
#129=CIRCLE('',#128,4.5E0);
#138=CIRCLE('',#137,4.5E0);
#147=CIRCLE('',#146,4.5E0);
#152=CIRCLE('',#151,1.05E1);
#157=CIRCLE('',#156,1.05E1);
#162=CIRCLE('',#161,3.25E0);
#167=CIRCLE('',#166,3.25E0);
#200=CIRCLE('',#199,4.5E0);
#205=CIRCLE('',#204,4.5E0);
#210=CIRCLE('',#209,4.5E0);
#215=CIRCLE('',#214,4.5E0);
#220=CIRCLE('',#219,3.25E0);
#225=CIRCLE('',#224,3.25E0);
#230=CIRCLE('',#229,4.5E0);
#235=CIRCLE('',#234,4.5E0);
#240=CIRCLE('',#239,4.5E0);
#245=CIRCLE('',#244,4.5E0);
#250=CIRCLE('',#249,4.5E0);
#255=CIRCLE('',#254,4.5E0);
#260=CIRCLE('',#259,3.25E0);
#265=CIRCLE('',#264,3.25E0);
#270=CIRCLE('',#269,4.5E0);
#275=CIRCLE('',#274,4.5E0);
#292=CIRCLE('',#291,4.E0);
#301=CIRCLE('',#300,4.E0);
#310=CIRCLE('',#309,4.E0);
#315=CIRCLE('',#314,4.E0);
#324=CIRCLE('',#323,4.E0);
#333=CIRCLE('',#332,4.E0);
#342=CIRCLE('',#341,4.E0);
#351=CIRCLE('',#350,4.5E0);
#356=CIRCLE('',#355,4.5E0);
#377=CIRCLE('',#376,4.E0);
#382=CIRCLE('',#381,4.E0);
#407=CIRCLE('',#406,4.E0);
#412=CIRCLE('',#411,4.E0);
#437=CIRCLE('',#436,4.E0);
#442=CIRCLE('',#441,4.E0);
#467=CIRCLE('',#466,4.E0);
#472=CIRCLE('',#471,4.E0);
#489=CIRCLE('',#488,4.E0);
#502=CIRCLE('',#501,4.E0);
#511=CIRCLE('',#510,4.E0);
#520=CIRCLE('',#519,4.E0);
#525=CIRCLE('',#524,4.E0);
#534=CIRCLE('',#533,4.E0);
#543=CIRCLE('',#542,4.E0);
#552=CIRCLE('',#551,4.E0);
#561=CIRCLE('',#560,4.5E0);
#566=CIRCLE('',#565,4.5E0);
#587=CIRCLE('',#586,4.E0);
#592=CIRCLE('',#591,4.E0);
#617=CIRCLE('',#616,4.E0);
#622=CIRCLE('',#621,4.E0);
#647=CIRCLE('',#646,4.E0);
#652=CIRCLE('',#651,4.E0);
#677=CIRCLE('',#676,4.E0);
#682=CIRCLE('',#681,4.E0);
#699=CIRCLE('',#698,4.E0);
#712=CIRCLE('',#711,2.5175E0);
#721=CIRCLE('',#720,2.5175E0);
#730=CIRCLE('',#729,2.5175E0);
#743=CIRCLE('',#742,2.5175E0);
#756=CIRCLE('',#755,4.E0);
#765=CIRCLE('',#764,4.E0);
#774=CIRCLE('',#773,4.E0);
#779=CIRCLE('',#778,1.E1);
#784=CIRCLE('',#783,1.E1);
#789=CIRCLE('',#788,4.5E0);
#794=CIRCLE('',#793,4.5E0);
#807=CIRCLE('',#806,1.E1);
#812=CIRCLE('',#811,1.E1);
#833=CIRCLE('',#832,4.E0);
#846=CIRCLE('',#845,4.E0);
#855=CIRCLE('',#854,4.E0);
#864=CIRCLE('',#863,4.E0);
#869=CIRCLE('',#868,1.E1);
#874=CIRCLE('',#873,1.E1);
#879=CIRCLE('',#878,4.5E0);
#884=CIRCLE('',#883,4.5E0);
#897=CIRCLE('',#896,1.E1);
#902=CIRCLE('',#901,1.E1);
#923=CIRCLE('',#922,4.E0);
#936=CIRCLE('',#935,4.E0);
#945=CIRCLE('',#944,4.E0);
#954=CIRCLE('',#953,4.E0);
#959=CIRCLE('',#958,1.E1);
#964=CIRCLE('',#963,1.E1);
#969=CIRCLE('',#968,4.5E0);
#974=CIRCLE('',#973,4.5E0);
#987=CIRCLE('',#986,1.E1);
#992=CIRCLE('',#991,1.E1);
#1013=CIRCLE('',#1012,4.E0);
#1026=CIRCLE('',#1025,2.5175E0);
#1035=CIRCLE('',#1034,2.5175E0);
#1044=CIRCLE('',#1043,2.5175E0);
#1057=CIRCLE('',#1056,2.5175E0);
#1070=CIRCLE('',#1069,4.E0);
#1079=CIRCLE('',#1078,4.E0);
#1088=CIRCLE('',#1087,4.E0);
#1093=CIRCLE('',#1092,4.E0);
#1102=CIRCLE('',#1101,4.E0);
#1111=CIRCLE('',#1110,4.E0);
#1120=CIRCLE('',#1119,4.E0);
#1129=CIRCLE('',#1128,4.5E0);
#1134=CIRCLE('',#1133,4.5E0);
#1155=CIRCLE('',#1154,4.E0);
#1160=CIRCLE('',#1159,4.E0);
#1185=CIRCLE('',#1184,4.E0);
#1190=CIRCLE('',#1189,4.E0);
#1215=CIRCLE('',#1214,4.E0);
#1220=CIRCLE('',#1219,4.E0);
#1245=CIRCLE('',#1244,4.E0);
#1250=CIRCLE('',#1249,4.E0);
#1267=CIRCLE('',#1266,4.E0);
#1629=EDGE_CURVE('',#1621,#1623,#5,.T.);
#1631=EDGE_CURVE('',#1623,#1611,#9,.T.);
#1633=EDGE_CURVE('',#1615,#1611,#195,.T.);
#1635=EDGE_CURVE('',#1621,#1615,#183,.T.);
#1645=EDGE_CURVE('',#1617,#1619,#171,.T.);
#1647=EDGE_CURVE('',#1623,#1617,#279,.T.);
#1650=EDGE_CURVE('',#1619,#1621,#179,.T.);
#1654=EDGE_CURVE('',#1545,#1547,#14,.T.);
#1656=EDGE_CURVE('',#1547,#1545,#19,.T.);
#1660=EDGE_CURVE('',#1278,#1279,#23,.T.);
#1662=EDGE_CURVE('',#1291,#1278,#28,.T.);
#1664=EDGE_CURVE('',#1289,#1291,#32,.T.);
#1666=EDGE_CURVE('',#1287,#1289,#37,.T.);
#1668=EDGE_CURVE('',#1285,#1287,#41,.T.);
#1670=EDGE_CURVE('',#1283,#1285,#46,.T.);
#1672=EDGE_CURVE('',#1281,#1283,#50,.T.);
#1674=EDGE_CURVE('',#1279,#1281,#55,.T.);
#1678=EDGE_CURVE('',#1563,#1565,#60,.T.);
#1680=EDGE_CURVE('',#1565,#1563,#65,.T.);
#1684=EDGE_CURVE('',#1575,#1577,#70,.T.);
#1686=EDGE_CURVE('',#1577,#1575,#75,.T.);
#1690=EDGE_CURVE('',#1294,#1295,#79,.T.);
#1692=EDGE_CURVE('',#1307,#1294,#84,.T.);
#1694=EDGE_CURVE('',#1305,#1307,#88,.T.);
#1696=EDGE_CURVE('',#1303,#1305,#93,.T.);
#1698=EDGE_CURVE('',#1301,#1303,#97,.T.);
#1700=EDGE_CURVE('',#1299,#1301,#102,.T.);
#1702=EDGE_CURVE('',#1297,#1299,#106,.T.);
#1704=EDGE_CURVE('',#1295,#1297,#111,.T.);
#1708=EDGE_CURVE('',#1310,#1311,#115,.T.);
#1710=EDGE_CURVE('',#1323,#1310,#120,.T.);
#1712=EDGE_CURVE('',#1321,#1323,#124,.T.);
#1714=EDGE_CURVE('',#1319,#1321,#129,.T.);
#1716=EDGE_CURVE('',#1317,#1319,#133,.T.);
#1718=EDGE_CURVE('',#1315,#1317,#138,.T.);
#1720=EDGE_CURVE('',#1313,#1315,#142,.T.);
#1722=EDGE_CURVE('',#1311,#1313,#147,.T.);
#1726=EDGE_CURVE('',#1551,#1553,#152,.T.);
#1728=EDGE_CURVE('',#1553,#1551,#157,.T.);
#1732=EDGE_CURVE('',#1541,#1543,#162,.T.);
#1734=EDGE_CURVE('',#1543,#1541,#167,.T.);
#1745=EDGE_CURVE('',#1619,#1613,#175,.T.);
#1747=EDGE_CURVE('',#1610,#1613,#187,.T.);
#1749=EDGE_CURVE('',#1617,#1610,#283,.T.);
#1761=EDGE_CURVE('',#1613,#1615,#191,.T.);
#1772=EDGE_CURVE('',#1610,#1611,#287,.T.);
#1779=EDGE_CURVE('',#1447,#1449,#200,.T.);
#1781=EDGE_CURVE('',#1449,#1447,#205,.T.);
#1785=EDGE_CURVE('',#1471,#1473,#210,.T.);
#1787=EDGE_CURVE('',#1473,#1471,#215,.T.);
#1791=EDGE_CURVE('',#1495,#1497,#220,.T.);
#1793=EDGE_CURVE('',#1497,#1495,#225,.T.);
#1797=EDGE_CURVE('',#1519,#1521,#230,.T.);
#1799=EDGE_CURVE('',#1521,#1519,#235,.T.);
#1803=EDGE_CURVE('',#1531,#1533,#240,.T.);
#1805=EDGE_CURVE('',#1533,#1531,#245,.T.);
#1809=EDGE_CURVE('',#1507,#1509,#250,.T.);
#1811=EDGE_CURVE('',#1509,#1507,#255,.T.);
#1815=EDGE_CURVE('',#1483,#1485,#260,.T.);
#1817=EDGE_CURVE('',#1485,#1483,#265,.T.);
#1821=EDGE_CURVE('',#1459,#1461,#270,.T.);
#1823=EDGE_CURVE('',#1461,#1459,#275,.T.);
#1845=EDGE_CURVE('',#1451,#1446,#292,.T.);
#1847=EDGE_CURVE('',#1446,#1447,#497,.T.);
#1850=EDGE_CURVE('',#1449,#1451,#493,.T.);
#1860=EDGE_CURVE('',#1453,#1455,#301,.T.);
#1862=EDGE_CURVE('',#1453,#1446,#484,.T.);
#1865=EDGE_CURVE('',#1451,#1455,#480,.T.);
#1875=EDGE_CURVE('',#1453,#1601,#296,.T.);
#1878=EDGE_CURVE('',#1603,#1455,#305,.T.);
#1880=EDGE_CURVE('',#1603,#1601,#356,.T.);
#1891=EDGE_CURVE('',#1601,#1603,#351,.T.);
#1894=EDGE_CURVE('',#1455,#1453,#310,.T.);
#1904=EDGE_CURVE('',#1434,#1435,#315,.T.);
#1906=EDGE_CURVE('',#1437,#1434,#319,.T.);
#1908=EDGE_CURVE('',#1357,#1437,#324,.T.);
#1910=EDGE_CURVE('',#1355,#1357,#328,.T.);
#1912=EDGE_CURVE('',#1353,#1355,#333,.T.);
#1914=EDGE_CURVE('',#1349,#1353,#337,.T.);
#1916=EDGE_CURVE('',#1351,#1349,#342,.T.);
#1918=EDGE_CURVE('',#1435,#1351,#346,.T.);
#1932=EDGE_CURVE('',#1341,#1343,#377,.T.);
#1934=EDGE_CURVE('',#1434,#1343,#360,.T.);
#1937=EDGE_CURVE('',#1339,#1435,#364,.T.);
#1939=EDGE_CURVE('',#1339,#1341,#382,.T.);
#1949=EDGE_CURVE('',#1287,#1339,#368,.T.);
#1952=EDGE_CURVE('',#1343,#1289,#372,.T.);
#1965=EDGE_CURVE('',#1339,#1337,#386,.T.);
#1967=EDGE_CURVE('',#1337,#1285,#402,.T.);
#1981=EDGE_CURVE('',#1351,#1337,#390,.T.);
#1991=EDGE_CURVE('',#1335,#1337,#407,.T.);
#1995=EDGE_CURVE('',#1333,#1349,#394,.T.);
#1997=EDGE_CURVE('',#1333,#1335,#412,.T.);
#2007=EDGE_CURVE('',#1283,#1333,#398,.T.);
#2022=EDGE_CURVE('',#1333,#1331,#416,.T.);
#2024=EDGE_CURVE('',#1331,#1281,#432,.T.);
#2038=EDGE_CURVE('',#1353,#1331,#420,.T.);
#2048=EDGE_CURVE('',#1329,#1331,#437,.T.);
#2052=EDGE_CURVE('',#1325,#1355,#424,.T.);
#2054=EDGE_CURVE('',#1325,#1329,#442,.T.);
#2064=EDGE_CURVE('',#1279,#1325,#428,.T.);
#2079=EDGE_CURVE('',#1325,#1327,#446,.T.);
#2081=EDGE_CURVE('',#1327,#1278,#462,.T.);
#2095=EDGE_CURVE('',#1357,#1327,#450,.T.);
#2105=EDGE_CURVE('',#1347,#1327,#467,.T.);
#2109=EDGE_CURVE('',#1345,#1437,#454,.T.);
#2111=EDGE_CURVE('',#1345,#1347,#472,.T.);
#2121=EDGE_CURVE('',#1291,#1345,#458,.T.);
#2136=EDGE_CURVE('',#1345,#1343,#476,.T.);
#2162=EDGE_CURVE('',#1446,#1451,#489,.T.);
#2185=EDGE_CURVE('',#1475,#1470,#502,.T.);
#2187=EDGE_CURVE('',#1470,#1471,#707,.T.);
#2190=EDGE_CURVE('',#1473,#1475,#703,.T.);
#2200=EDGE_CURVE('',#1477,#1479,#511,.T.);
#2202=EDGE_CURVE('',#1477,#1470,#694,.T.);
#2205=EDGE_CURVE('',#1475,#1479,#690,.T.);
#2215=EDGE_CURVE('',#1477,#1605,#506,.T.);
#2218=EDGE_CURVE('',#1607,#1479,#515,.T.);
#2220=EDGE_CURVE('',#1607,#1605,#566,.T.);
#2231=EDGE_CURVE('',#1605,#1607,#561,.T.);
#2234=EDGE_CURVE('',#1479,#1477,#520,.T.);
#2244=EDGE_CURVE('',#1440,#1441,#525,.T.);
#2246=EDGE_CURVE('',#1443,#1440,#529,.T.);
#2248=EDGE_CURVE('',#1391,#1443,#534,.T.);
#2250=EDGE_CURVE('',#1389,#1391,#538,.T.);
#2252=EDGE_CURVE('',#1387,#1389,#543,.T.);
#2254=EDGE_CURVE('',#1383,#1387,#547,.T.);
#2256=EDGE_CURVE('',#1385,#1383,#552,.T.);
#2258=EDGE_CURVE('',#1441,#1385,#556,.T.);
#2272=EDGE_CURVE('',#1375,#1377,#587,.T.);
#2274=EDGE_CURVE('',#1440,#1377,#570,.T.);
#2277=EDGE_CURVE('',#1373,#1441,#574,.T.);
#2279=EDGE_CURVE('',#1373,#1375,#592,.T.);
#2289=EDGE_CURVE('',#1319,#1373,#578,.T.);
#2292=EDGE_CURVE('',#1377,#1321,#582,.T.);
#2305=EDGE_CURVE('',#1373,#1371,#596,.T.);
#2307=EDGE_CURVE('',#1371,#1317,#612,.T.);
#2321=EDGE_CURVE('',#1385,#1371,#600,.T.);
#2331=EDGE_CURVE('',#1369,#1371,#617,.T.);
#2335=EDGE_CURVE('',#1367,#1383,#604,.T.);
#2337=EDGE_CURVE('',#1367,#1369,#622,.T.);
#2347=EDGE_CURVE('',#1315,#1367,#608,.T.);
#2362=EDGE_CURVE('',#1367,#1365,#626,.T.);
#2364=EDGE_CURVE('',#1365,#1313,#642,.T.);
#2378=EDGE_CURVE('',#1387,#1365,#630,.T.);
#2388=EDGE_CURVE('',#1363,#1365,#647,.T.);
#2392=EDGE_CURVE('',#1359,#1389,#634,.T.);
#2394=EDGE_CURVE('',#1359,#1363,#652,.T.);
#2404=EDGE_CURVE('',#1311,#1359,#638,.T.);
#2419=EDGE_CURVE('',#1359,#1361,#656,.T.);
#2421=EDGE_CURVE('',#1361,#1310,#672,.T.);
#2435=EDGE_CURVE('',#1391,#1361,#660,.T.);
#2445=EDGE_CURVE('',#1381,#1361,#677,.T.);
#2449=EDGE_CURVE('',#1379,#1443,#664,.T.);
#2451=EDGE_CURVE('',#1379,#1381,#682,.T.);
#2461=EDGE_CURVE('',#1323,#1379,#668,.T.);
#2476=EDGE_CURVE('',#1379,#1377,#686,.T.);
#2502=EDGE_CURVE('',#1470,#1475,#699,.T.);
#2525=EDGE_CURVE('',#1499,#1494,#712,.T.);
#2527=EDGE_CURVE('',#1494,#1495,#751,.T.);
#2530=EDGE_CURVE('',#1497,#1499,#747,.T.);
#2540=EDGE_CURVE('',#1501,#1503,#721,.T.);
#2542=EDGE_CURVE('',#1501,#1494,#738,.T.);
#2545=EDGE_CURVE('',#1499,#1503,#734,.T.);
#2555=EDGE_CURVE('',#1501,#1545,#716,.T.);
#2558=EDGE_CURVE('',#1547,#1503,#725,.T.);
#2572=EDGE_CURVE('',#1503,#1501,#730,.T.);
#2584=EDGE_CURVE('',#1494,#1499,#743,.T.);
#2607=EDGE_CURVE('',#1523,#1518,#756,.T.);
#2609=EDGE_CURVE('',#1518,#1519,#841,.T.);
#2612=EDGE_CURVE('',#1521,#1523,#837,.T.);
#2622=EDGE_CURVE('',#1525,#1527,#765,.T.);
#2624=EDGE_CURVE('',#1525,#1518,#828,.T.);
#2627=EDGE_CURVE('',#1523,#1527,#824,.T.);
#2637=EDGE_CURVE('',#1525,#1593,#760,.T.);
#2640=EDGE_CURVE('',#1595,#1527,#769,.T.);
#2642=EDGE_CURVE('',#1595,#1593,#794,.T.);
#2653=EDGE_CURVE('',#1593,#1595,#789,.T.);
#2656=EDGE_CURVE('',#1527,#1525,#774,.T.);
#2666=EDGE_CURVE('',#1557,#1559,#779,.T.);
#2668=EDGE_CURVE('',#1559,#1557,#784,.T.);
#2682=EDGE_CURVE('',#1550,#1557,#798,.T.);
#2685=EDGE_CURVE('',#1559,#1555,#802,.T.);
#2687=EDGE_CURVE('',#1550,#1555,#812,.T.);
#2698=EDGE_CURVE('',#1555,#1550,#807,.T.);
#2711=EDGE_CURVE('',#1550,#1551,#820,.T.);
#2714=EDGE_CURVE('',#1553,#1555,#816,.T.);
#2738=EDGE_CURVE('',#1518,#1523,#833,.T.);
#2761=EDGE_CURVE('',#1535,#1530,#846,.T.);
#2763=EDGE_CURVE('',#1530,#1531,#931,.T.);
#2766=EDGE_CURVE('',#1533,#1535,#927,.T.);
#2776=EDGE_CURVE('',#1537,#1539,#855,.T.);
#2778=EDGE_CURVE('',#1537,#1530,#918,.T.);
#2781=EDGE_CURVE('',#1535,#1539,#914,.T.);
#2791=EDGE_CURVE('',#1537,#1585,#850,.T.);
#2794=EDGE_CURVE('',#1587,#1539,#859,.T.);
#2796=EDGE_CURVE('',#1587,#1585,#884,.T.);
#2807=EDGE_CURVE('',#1585,#1587,#879,.T.);
#2810=EDGE_CURVE('',#1539,#1537,#864,.T.);
#2820=EDGE_CURVE('',#1581,#1583,#869,.T.);
#2822=EDGE_CURVE('',#1583,#1581,#874,.T.);
#2836=EDGE_CURVE('',#1574,#1581,#888,.T.);
#2839=EDGE_CURVE('',#1583,#1579,#892,.T.);
#2841=EDGE_CURVE('',#1574,#1579,#902,.T.);
#2852=EDGE_CURVE('',#1579,#1574,#897,.T.);
#2865=EDGE_CURVE('',#1574,#1575,#910,.T.);
#2868=EDGE_CURVE('',#1577,#1579,#906,.T.);
#2892=EDGE_CURVE('',#1530,#1535,#923,.T.);
#2915=EDGE_CURVE('',#1511,#1506,#936,.T.);
#2917=EDGE_CURVE('',#1506,#1507,#1021,.T.);
#2920=EDGE_CURVE('',#1509,#1511,#1017,.T.);
#2930=EDGE_CURVE('',#1513,#1515,#945,.T.);
#2932=EDGE_CURVE('',#1513,#1506,#1008,.T.);
#2935=EDGE_CURVE('',#1511,#1515,#1004,.T.);
#2945=EDGE_CURVE('',#1513,#1589,#940,.T.);
#2948=EDGE_CURVE('',#1591,#1515,#949,.T.);
#2950=EDGE_CURVE('',#1591,#1589,#974,.T.);
#2961=EDGE_CURVE('',#1589,#1591,#969,.T.);
#2964=EDGE_CURVE('',#1515,#1513,#954,.T.);
#2974=EDGE_CURVE('',#1569,#1571,#959,.T.);
#2976=EDGE_CURVE('',#1571,#1569,#964,.T.);
#2990=EDGE_CURVE('',#1562,#1569,#978,.T.);
#2993=EDGE_CURVE('',#1571,#1567,#982,.T.);
#2995=EDGE_CURVE('',#1562,#1567,#992,.T.);
#3006=EDGE_CURVE('',#1567,#1562,#987,.T.);
#3019=EDGE_CURVE('',#1562,#1563,#1000,.T.);
#3022=EDGE_CURVE('',#1565,#1567,#996,.T.);
#3046=EDGE_CURVE('',#1506,#1511,#1013,.T.);
#3069=EDGE_CURVE('',#1487,#1482,#1026,.T.);
#3071=EDGE_CURVE('',#1482,#1483,#1065,.T.);
#3074=EDGE_CURVE('',#1485,#1487,#1061,.T.);
#3084=EDGE_CURVE('',#1489,#1491,#1035,.T.);
#3086=EDGE_CURVE('',#1489,#1482,#1052,.T.);
#3089=EDGE_CURVE('',#1487,#1491,#1048,.T.);
#3099=EDGE_CURVE('',#1489,#1541,#1030,.T.);
#3102=EDGE_CURVE('',#1543,#1491,#1039,.T.);
#3116=EDGE_CURVE('',#1491,#1489,#1044,.T.);
#3128=EDGE_CURVE('',#1482,#1487,#1057,.T.);
#3151=EDGE_CURVE('',#1463,#1458,#1070,.T.);
#3153=EDGE_CURVE('',#1458,#1459,#1275,.T.);
#3156=EDGE_CURVE('',#1461,#1463,#1271,.T.);
#3166=EDGE_CURVE('',#1465,#1467,#1079,.T.);
#3168=EDGE_CURVE('',#1465,#1458,#1262,.T.);
#3171=EDGE_CURVE('',#1463,#1467,#1258,.T.);
#3181=EDGE_CURVE('',#1465,#1597,#1074,.T.);
#3184=EDGE_CURVE('',#1599,#1467,#1083,.T.);
#3186=EDGE_CURVE('',#1599,#1597,#1134,.T.);
#3197=EDGE_CURVE('',#1597,#1599,#1129,.T.);
#3200=EDGE_CURVE('',#1467,#1465,#1088,.T.);
#3210=EDGE_CURVE('',#1419,#1417,#1093,.T.);
#3212=EDGE_CURVE('',#1431,#1419,#1097,.T.);
#3214=EDGE_CURVE('',#1429,#1431,#1102,.T.);
#3216=EDGE_CURVE('',#1427,#1429,#1106,.T.);
#3218=EDGE_CURVE('',#1425,#1427,#1111,.T.);
#3220=EDGE_CURVE('',#1423,#1425,#1115,.T.);
#3222=EDGE_CURVE('',#1421,#1423,#1120,.T.);
#3224=EDGE_CURVE('',#1417,#1421,#1124,.T.);
#3238=EDGE_CURVE('',#1403,#1405,#1155,.T.);
#3240=EDGE_CURVE('',#1419,#1405,#1138,.T.);
#3243=EDGE_CURVE('',#1401,#1417,#1142,.T.);
#3245=EDGE_CURVE('',#1401,#1403,#1160,.T.);
#3255=EDGE_CURVE('',#1299,#1401,#1146,.T.);
#3258=EDGE_CURVE('',#1405,#1301,#1150,.T.);
#3271=EDGE_CURVE('',#1401,#1399,#1164,.T.);
#3273=EDGE_CURVE('',#1399,#1297,#1180,.T.);
#3287=EDGE_CURVE('',#1421,#1399,#1168,.T.);
#3297=EDGE_CURVE('',#1397,#1399,#1185,.T.);
#3301=EDGE_CURVE('',#1393,#1423,#1172,.T.);
#3303=EDGE_CURVE('',#1393,#1397,#1190,.T.);
#3313=EDGE_CURVE('',#1295,#1393,#1176,.T.);
#3328=EDGE_CURVE('',#1393,#1395,#1194,.T.);
#3330=EDGE_CURVE('',#1395,#1294,#1210,.T.);
#3344=EDGE_CURVE('',#1425,#1395,#1198,.T.);
#3354=EDGE_CURVE('',#1415,#1395,#1215,.T.);
#3358=EDGE_CURVE('',#1413,#1427,#1202,.T.);
#3360=EDGE_CURVE('',#1413,#1415,#1220,.T.);
#3370=EDGE_CURVE('',#1307,#1413,#1206,.T.);
#3385=EDGE_CURVE('',#1413,#1411,#1224,.T.);
#3387=EDGE_CURVE('',#1411,#1305,#1240,.T.);
#3401=EDGE_CURVE('',#1429,#1411,#1228,.T.);
#3411=EDGE_CURVE('',#1409,#1411,#1245,.T.);
#3415=EDGE_CURVE('',#1407,#1431,#1232,.T.);
#3417=EDGE_CURVE('',#1407,#1409,#1250,.T.);
#3427=EDGE_CURVE('',#1303,#1407,#1236,.T.);
#3442=EDGE_CURVE('',#1407,#1405,#1254,.T.);
#3468=EDGE_CURVE('',#1458,#1463,#1267,.T.);
#3486=CLOSED_SHELL('',(#1639,#1738,#1753,#1766,#1827,#1839,#1854,#1869,#1884,
#1898,#1926,#1943,#1958,#1972,#1985,#2001,#2015,#2029,#2042,#2058,#2072,#2086,
#2099,#2115,#2129,#2142,#2154,#2167,#2179,#2194,#2209,#2224,#2238,#2266,#2283,
#2298,#2312,#2325,#2341,#2355,#2369,#2382,#2398,#2412,#2426,#2439,#2455,#2469,
#2482,#2494,#2507,#2519,#2534,#2549,#2563,#2576,#2589,#2601,#2616,#2631,#2646,
#2660,#2676,#2691,#2704,#2718,#2730,#2743,#2755,#2770,#2785,#2800,#2814,#2830,
#2845,#2858,#2872,#2884,#2897,#2909,#2924,#2939,#2954,#2968,#2984,#2999,#3012,
#3026,#3038,#3051,#3063,#3078,#3093,#3107,#3120,#3133,#3145,#3160,#3175,#3190,
#3204,#3232,#3249,#3264,#3278,#3291,#3307,#3321,#3335,#3348,#3364,#3378,#3392,
#3405,#3421,#3435,#3448,#3460,#3473,#3485));
#3487=MANIFOLD_SOLID_BREP('',#3486);
#3488=(LENGTH_UNIT()NAMED_UNIT(*)SI_UNIT(.MILLI.,.METRE.));
#3490=(NAMED_UNIT(*)PLANE_ANGLE_UNIT()SI_UNIT($,.RADIAN.));
#3493=(NAMED_UNIT(*)SI_UNIT($,.STERADIAN.)SOLID_ANGLE_UNIT());
#3496=ADVANCED_BREP_SHAPE_REPRESENTATION('',(#3487),#3495);
#3503=PRODUCT_DEFINITION('design','',#3502,#3499);
#3504=PRODUCT_DEFINITION_SHAPE('','SHAPE FOR PART_TRAY.',#3503);
#3505=SHAPE_DEFINITION_REPRESENTATION(#3504,#3496);
ENDSEC;
END-ISO-10303-21;
